frame_index,timestamp_sec,x_rel,y_rel,z_rel,qw,qx,qy,qz,confidence,layer,orientation_source,scale_status
0,8.082000000,-0.000665297488,0.000831751118,0.000419129977,0.999999884,0.00027771132,0.000363992814,-0.000152583603,1,fitted_bspline,raw_camera_orientation,relative_only
1,8.233326633,0.00103698434,0.00183751292,-0.00761548063,0.999997214,0.00218035018,0.000820442187,-0.00038147006,1,fitted_bspline,raw_camera_orientation,relative_only
2,8.384653266,0.00251080722,0.00313901623,-0.0164590112,0.999991346,0.00135866042,-0.00390218843,-0.000484428477,1,fitted_bspline,raw_camera_orientation,relative_only
3,8.535979899,0.00375309872,0.00471781528,-0.0260037503,0.999625048,0.00343624286,-0.0224017775,-0.0153660733,1,fitted_bspline,raw_camera_orientation,relative_only
4,8.687306533,0.00476078645,0.0065554643,-0.0361419867,0.998093889,0.00424687567,-0.053267843,-0.030872165,1,fitted_bspline,raw_camera_orientation,relative_only
5,8.838633166,0.00553079797,0.00863351751,-0.0467660089,0.996974167,0.00693890321,-0.0684691074,-0.0361433634,1,fitted_bspline,raw_camera_orientation,relative_only
6,8.989959799,0.00606006088,0.0109335291,-0.0577681057,0.996228758,0.00643794231,-0.0786690028,-0.0360278056,1,fitted_bspline,raw_camera_orientation,relative_only
7,9.141286432,0.00634550277,0.0134370534,-0.0690405656,0.99548062,0.0121589353,-0.0869098051,-0.0362929998,1,fitted_bspline,raw_camera_orientation,relative_only
8,9.292613065,0.00638405122,0.0161256446,-0.0804756773,0.99399681,0.0188818418,-0.101151354,-0.0371782403,1,fitted_bspline,raw_camera_orientation,relative_only
9,9.443939698,0.0061726338,0.0189808568,-0.0919657294,0.992721529,0.0192087625,-0.11293924,-0.037144553,1,fitted_bspline,raw_camera_orientation,relative_only
10,9.595266332,0.00570817812,0.0219842444,-0.103403011,0.990898491,0.03496848,-0.122007237,-0.0448510838,1,fitted_bspline,raw_camera_orientation,relative_only
11,9.746592965,0.00498761175,0.0251173616,-0.11467981,0.987803796,0.0437332551,-0.139982219,-0.0523071826,1,fitted_bspline,raw_camera_orientation,relative_only
12,9.897919598,0.00400786228,0.0283617625,-0.125688415,0.986834072,0.0485233948,-0.144043715,-0.0552756998,1,fitted_bspline,raw_camera_orientation,relative_only
13,10.049246231,0.0027658573,0.0316990015,-0.136321115,0.986347319,0.0496148178,-0.14448696,-0.0614886604,1,fitted_bspline,raw_camera_orientation,relative_only
14,10.200572864,0.00125852439,0.0351106327,-0.146511606,0.985164414,0.036459799,-0.14979518,-0.0753867656,1,fitted_bspline,raw_camera_orientation,relative_only
15,10.351899497,-0.000517208871,0.0385782103,-0.15635921,0.983501836,0.0167165244,-0.157106864,-0.0881029507,1,fitted_bspline,raw_camera_orientation,relative_only
16,10.503226131,-0.00256441489,0.0420832887,-0.166004656,0.981359979,0.0119027454,-0.163562332,-0.100191218,1,fitted_bspline,raw_camera_orientation,relative_only
17,10.654552764,-0.00488616608,0.0456074219,-0.175588674,0.979795043,0.00607111102,-0.169090721,-0.106644937,1,fitted_bspline,raw_camera_orientation,relative_only
18,10.805879397,-0.00748553486,0.0491321644,-0.185251993,0.977187473,0.0109558288,-0.175502052,-0.119095094,1,fitted_bspline,raw_camera_orientation,relative_only
19,10.957206030,-0.0103655936,0.0526390702,-0.195135342,0.974661023,0.0129351061,-0.183194639,-0.127703947,1,fitted_bspline,raw_camera_orientation,relative_only
20,11.108532663,-0.0135294148,0.0561096936,-0.205337662,0.9729871,0.0105635716,-0.194045986,-0.124622103,1,fitted_bspline,raw_camera_orientation,relative_only
21,11.259859296,-0.0169800709,0.0595255888,-0.215790735,0.972047862,0.0214010222,-0.198474604,-0.123583097,1,fitted_bspline,raw_camera_orientation,relative_only
22,11.411185930,-0.0207206341,0.0628683101,-0.226384555,0.970314149,0.0396590995,-0.20816042,-0.116562638,1,fitted_bspline,raw_camera_orientation,relative_only
23,11.562512563,-0.0247541771,0.0661194117,-0.237009115,0.967938848,0.0437305685,-0.217202458,-0.118343215,1,fitted_bspline,raw_camera_orientation,relative_only
24,11.713839196,-0.0290837721,0.0692604478,-0.24755441,0.965644688,0.0433648708,-0.22823091,-0.116449461,1,fitted_bspline,raw_camera_orientation,relative_only
25,11.865165829,-0.0337124916,0.0722729727,-0.257910433,0.963155986,0.0426117327,-0.237508226,-0.118762915,1,fitted_bspline,raw_camera_orientation,relative_only
26,12.016492462,-0.0386423119,0.0751442056,-0.267991339,0.962635998,0.0429835963,-0.240490294,-0.116827925,1,fitted_bspline,raw_camera_orientation,relative_only
27,12.167819095,-0.0438708246,0.0778840262,-0.277807932,0.961309357,0.0420188793,-0.246606272,-0.115343316,1,fitted_bspline,raw_camera_orientation,relative_only
28,12.319145729,-0.0493945253,0.0805079792,-0.287395178,0.960694162,0.0413140299,-0.248751645,-0.116114154,1,fitted_bspline,raw_camera_orientation,relative_only
29,12.470472362,-0.0552099095,0.0830316094,-0.296788044,0.960277619,0.040929259,-0.250292034,-0.116385514,1,fitted_bspline,raw_camera_orientation,relative_only
30,12.621798995,-0.0613134727,0.0854704615,-0.306021493,0.958946875,0.0404037044,-0.255503154,-0.116217768,1,fitted_bspline,raw_camera_orientation,relative_only
31,12.773125628,-0.0677017106,0.0878400802,-0.315130494,0.955993736,0.0390396959,-0.266223422,-0.116948574,1,fitted_bspline,raw_camera_orientation,relative_only
32,12.924452261,-0.0743711185,0.0901560102,-0.324150011,0.953856129,0.0415077666,-0.272740188,-0.118525863,1,fitted_bspline,raw_camera_orientation,relative_only
33,13.075778894,-0.0813181922,0.0924337964,-0.33311501,0.951900417,0.0405665921,-0.279463679,-0.118911729,1,fitted_bspline,raw_camera_orientation,relative_only
34,13.227105528,-0.088539427,0.0946889834,-0.342060456,0.951056305,0.0397772999,-0.283353726,-0.116706202,1,fitted_bspline,raw_camera_orientation,relative_only
35,13.378432161,-0.0960313185,0.0969371159,-0.351021317,0.947633949,0.0432154831,-0.293742012,-0.11763482,1,fitted_bspline,raw_camera_orientation,relative_only
36,13.529758794,-0.103790362,0.0991937387,-0.360032558,0.947801092,0.0481173932,-0.293640557,-0.114599435,1,fitted_bspline,raw_camera_orientation,relative_only
37,13.681085427,-0.111813054,0.101474396,-0.369129143,0.946602704,0.0504260048,-0.297742425,-0.112915839,1,fitted_bspline,raw_camera_orientation,relative_only
38,13.832412060,-0.120095889,0.103794634,-0.37834604,0.945542572,0.0522086077,-0.301341878,-0.1114297,1,fitted_bspline,raw_camera_orientation,relative_only
39,13.983738693,-0.128602272,0.106165657,-0.387835092,0.943293057,0.0696269532,-0.307421488,-0.104126482,1,fitted_bspline,raw_camera_orientation,relative_only
40,14.135065327,-0.137163248,0.108581314,-0.398215651,0.939799927,0.0768441072,-0.318260418,-0.0978845542,1,fitted_bspline,raw_camera_orientation,relative_only
41,14.286391960,-0.14557677,0.111031114,-0.410223948,0.939695075,0.0794286946,-0.31708191,-0.10061467,1,fitted_bspline,raw_camera_orientation,relative_only
42,14.437718593,-0.153640791,0.113504569,-0.42332217,0.938775434,0.0792671948,-0.321014771,-0.0967828155,1,fitted_bspline,raw_camera_orientation,relative_only
43,14.589045226,-0.161153265,0.115991186,-0.431876333,0.937291431,0.0786255116,-0.324747122,-0.0992073996,1,fitted_bspline,raw_camera_orientation,relative_only
44,14.740371859,-0.167912144,0.118480476,-0.42897841,0.935617182,0.082754225,-0.329943727,-0.0943894232,1,fitted_bspline,raw_camera_orientation,relative_only
45,14.891698492,-0.173938673,0.120961948,-0.424886144,0.936428813,0.0830032643,-0.329358366,-0.0879465908,1,fitted_bspline,raw_camera_orientation,relative_only
46,15.043025126,-0.180147252,0.123425112,-0.458706291,0.936494346,0.0795362279,-0.330861042,-0.0847543515,1,fitted_bspline,raw_camera_orientation,relative_only
47,15.194351759,-0.187675569,0.125859478,-0.466953983,0.9352894,0.0847834916,-0.333698851,-0.0817959375,1,fitted_bspline,raw_camera_orientation,relative_only
48,15.345678392,-0.197282181,0.128254555,-0.484712441,0.936009941,0.0852367993,-0.333037924,-0.0755368718,1,fitted_bspline,raw_camera_orientation,relative_only
49,15.497005025,-0.208209105,0.130599852,-0.508109968,0.93666329,0.0828059941,-0.335320407,-0.0580109689,1,fitted_bspline,raw_camera_orientation,relative_only
50,15.648331658,-0.219319227,0.132884881,-0.513661413,0.936437433,0.0825869555,-0.337884607,-0.0458074364,1,fitted_bspline,raw_camera_orientation,relative_only
51,15.799658291,-0.229538669,0.135090179,-0.504528257,0.936904374,0.0819319859,-0.338432314,-0.030998597,1,fitted_bspline,raw_camera_orientation,relative_only
52,15.950984925,-0.23804651,0.137160406,-0.542539792,0.935250348,0.0920514542,-0.341557049,-0.0131186296,1,fitted_bspline,raw_camera_orientation,relative_only
53,16.102311558,-0.244085065,0.139031249,-0.557870224,0.93653067,0.0979261573,-0.336564479,-0.00671737118,1,fitted_bspline,raw_camera_orientation,relative_only
54,16.253638191,-0.246896651,0.140638397,-0.558353265,0.937203069,0.0960745491,-0.335233082,-0.00623447398,1,fitted_bspline,raw_camera_orientation,relative_only
55,16.404964824,-0.24622079,0.141917537,-0.553879343,0.944001944,0.0962819433,-0.315568581,-0.0025666479,1,fitted_bspline,raw_camera_orientation,relative_only
56,16.556291457,-0.243785822,0.142804358,-0.547790147,0.950942732,0.096722292,-0.293837175,0.00352615954,1,fitted_bspline,raw_camera_orientation,relative_only
57,16.707618090,-0.241817294,0.143234548,-0.543768801,0.956559947,0.0947400882,-0.275642117,0.00622945826,1,fitted_bspline,raw_camera_orientation,relative_only
58,16.858944724,-0.242073511,0.143182654,-0.54447732,0.958946205,0.0972242692,-0.266317088,0.0066952575,1,fitted_bspline,raw_camera_orientation,relative_only
59,17.010271357,-0.24444381,0.142778662,-0.548493296,0.963259725,0.105060037,-0.246835878,0.0128506755,1,fitted_bspline,raw_camera_orientation,relative_only
60,17.161597990,-0.248350285,0.142191418,-0.553373214,0.967682916,0.106158127,-0.228190743,0.0157864258,1,fitted_bspline,raw_camera_orientation,relative_only
61,17.312924623,-0.253166528,0.141589766,-0.55732055,0.969729905,0.104467086,-0.219601914,0.0220349272,1,fitted_bspline,raw_camera_orientation,relative_only
62,17.464251256,-0.258072117,0.141142551,-0.56112675,0.96736546,0.119177405,-0.222510301,0.0221354874,1,fitted_bspline,raw_camera_orientation,relative_only
63,17.615577889,-0.262198126,0.141018618,-0.566230253,0.970052735,0.12189379,-0.208796221,0.0233181069,1,fitted_bspline,raw_camera_orientation,relative_only
64,17.766904523,-0.264889933,0.141346625,-0.573395748,0.969686548,0.125697523,-0.207585214,0.0285746501,1,fitted_bspline,raw_camera_orientation,relative_only
65,17.918231156,-0.266350142,0.142094474,-0.580692938,0.9699155,0.127972692,-0.205052242,0.0289912284,1,fitted_bspline,raw_camera_orientation,relative_only
66,18.069557789,-0.266995659,0.143189881,-0.585517779,0.972510527,0.119424546,-0.197785029,0.0290195757,1,fitted_bspline,raw_camera_orientation,relative_only
67,18.220884422,-0.267243392,0.144560559,-0.586324943,0.976118295,0.114978967,-0.181244922,0.0335140229,1,fitted_bspline,raw_camera_orientation,relative_only
68,18.372211055,-0.267510248,0.146134225,-0.585803973,0.977189644,0.116907668,-0.173728268,0.0353763293,1,fitted_bspline,raw_camera_orientation,relative_only
69,18.523537688,-0.268213134,0.147838592,-0.587703131,0.977123786,0.114316457,-0.176090124,0.033957647,1,fitted_bspline,raw_camera_orientation,relative_only
70,18.674864322,-0.269536292,0.149601376,-0.594224022,0.977863018,0.10602077,-0.176904376,0.0353320724,1,fitted_bspline,raw_camera_orientation,relative_only
71,18.826190955,-0.270733298,0.151350292,-0.601381631,0.980309802,0.0766178926,-0.180463471,0.0235653764,1,fitted_bspline,raw_camera_orientation,relative_only
72,18.977517588,-0.27082506,0.153013054,-0.603644287,0.97992445,0.0688116265,-0.185595687,0.0238175,1,fitted_bspline,raw_camera_orientation,relative_only
73,19.128844221,-0.269177168,0.154517377,-0.599243353,0.979480308,0.0725765625,-0.186610203,0.0229695574,1,fitted_bspline,raw_camera_orientation,relative_only
74,19.280170854,-0.26653392,0.155790977,-0.601462328,0.980593511,0.0648065449,-0.18386834,0.0207101808,1,fitted_bspline,raw_camera_orientation,relative_only
75,19.431497487,-0.263984295,0.156761567,-0.617441853,0.981394098,0.0639727558,-0.179970631,0.0195878288,1,fitted_bspline,raw_camera_orientation,relative_only
76,19.582824121,-0.262430502,0.157399609,-0.623080134,0.981418595,0.0638922513,-0.179841211,0.0198106297,1,fitted_bspline,raw_camera_orientation,relative_only
77,19.734150754,-0.262027668,0.157846548,-0.617894014,0.982001972,0.0634278365,-0.17679512,0.0198121792,1,fitted_bspline,raw_camera_orientation,relative_only
78,19.885477387,-0.26274415,0.158286575,-0.611425584,0.982420417,0.0590601179,-0.176011674,0.0195427117,1,fitted_bspline,raw_camera_orientation,relative_only
79,20.036804020,-0.264548306,0.158903882,-0.61979342,0.98150175,0.0621222514,-0.180070453,0.0192294717,1,fitted_bspline,raw_camera_orientation,relative_only
80,20.188130653,-0.267326272,0.159882659,-0.645772079,0.980764156,0.0626456226,-0.183532867,0.0222009552,1,fitted_bspline,raw_camera_orientation,relative_only
81,20.339457286,-0.270635295,0.161407099,-0.650009793,0.981026365,0.0615315201,-0.182984393,0.0178284955,1,fitted_bspline,raw_camera_orientation,relative_only
82,20.490783920,-0.2739504,0.163661391,-0.64748074,0.981554426,0.0610339185,-0.180598188,0.0144936164,1,fitted_bspline,raw_camera_orientation,relative_only
83,20.642110553,-0.276825678,0.166738824,-0.657189917,0.98142947,0.0605088244,-0.181670897,0.0114264317,1,fitted_bspline,raw_camera_orientation,relative_only
84,20.793437186,-0.279131475,0.17036907,-0.672823392,0.981850783,0.059778744,-0.179899324,0.00563701144,1,fitted_bspline,raw_camera_orientation,relative_only
85,20.944763819,-0.280817204,0.174190895,-0.682235217,0.982576788,0.0540967327,-0.17757495,-0.00913984313,1,fitted_bspline,raw_camera_orientation,relative_only
86,21.096090452,-0.281832277,0.17784307,-0.679001471,0.982749588,0.0428472459,-0.177830888,-0.027267842,1,fitted_bspline,raw_camera_orientation,relative_only
87,21.247417085,-0.282126104,0.180964361,-0.679586349,0.983113193,0.0348567449,-0.176562644,-0.0331525183,1,fitted_bspline,raw_camera_orientation,relative_only
88,21.398743719,-0.281648099,0.183193536,-0.694491773,0.982478389,0.0260554275,-0.179929112,-0.0410224753,1,fitted_bspline,raw_camera_orientation,relative_only
89,21.550070352,-0.280396781,0.184270303,-0.697551514,0.981958822,0.0319863989,-0.180667589,-0.0457489183,1,fitted_bspline,raw_camera_orientation,relative_only
90,21.701396985,-0.278567109,0.184338125,-0.69119124,0.983027241,0.0290756586,-0.175078168,-0.0464724002,1,fitted_bspline,raw_camera_orientation,relative_only
91,21.852723618,-0.276403151,0.183641405,-0.687905674,0.981912708,0.0318707045,-0.17994649,-0.0495071026,1,fitted_bspline,raw_camera_orientation,relative_only
92,22.004050251,-0.274148973,0.182424544,-0.694517701,0.982779395,0.0355204933,-0.175121485,-0.0470682574,1,fitted_bspline,raw_camera_orientation,relative_only
93,22.155376884,-0.272048644,0.180931946,-0.695162866,0.981295389,0.0346067936,-0.182698664,-0.0498289815,1,fitted_bspline,raw_camera_orientation,relative_only
94,22.306703518,-0.270346232,0.179408013,-0.680943156,0.981816735,0.0323215417,-0.180836051,-0.0478491431,1,fitted_bspline,raw_camera_orientation,relative_only
95,22.458030151,-0.270033895,0.178281962,-0.679809505,0.980789853,0.0381818267,-0.185112937,-0.0482349739,1,fitted_bspline,raw_camera_orientation,relative_only
96,22.609356784,-0.275096162,0.178722275,-0.677534411,0.980695409,0.0477926337,-0.183234439,-0.0487598098,1,fitted_bspline,raw_camera_orientation,relative_only
97,22.760683417,-0.291055732,0.184231794,-0.674502832,0.973982301,0.0396194256,-0.217899815,-0.0480463296,1,fitted_bspline,raw_camera_orientation,relative_only
98,22.912010050,-0.307170411,0.203365267,-0.735555095,0.896366312,0.0252776944,-0.43685341,-0.0710462516,1,fitted_bspline,raw_camera_orientation,relative_only
99,23.063336683,-0.279796811,0.232641876,-0.795046535,0.768495317,0.0211213521,-0.630523735,-0.106811307,1,fitted_bspline,raw_camera_orientation,relative_only
100,23.214663317,-0.276683016,0.258356206,-0.842058453,-0.612849018,0.00507165486,0.777591484,0.140505667,1,fitted_bspline,raw_camera_orientation,relative_only
101,23.365989950,-0.261890993,0.259279463,-0.813522185,-0.526464201,0.00652427244,0.834218567,0.163927608,1,fitted_bspline,raw_camera_orientation,relative_only
102,23.517316583,-0.266882911,0.265745915,-0.835107865,-0.517266675,-0.0112845876,0.84195593,0.153029592,1,fitted_bspline,raw_camera_orientation,relative_only
103,23.668643216,-0.279679874,0.26376605,-0.818956335,-0.503444969,-0.0300051577,0.846945859,0.168302008,1,fitted_bspline,raw_camera_orientation,relative_only
104,23.819969849,-0.28389537,0.263068066,-0.825620424,-0.480934916,-0.0448748587,0.856913022,0.179966458,1,fitted_bspline,raw_camera_orientation,relative_only
105,23.971296482,-0.271015488,0.27605728,-0.852418117,-0.44388197,-0.0556622992,0.873987206,0.189781106,1,fitted_bspline,raw_camera_orientation,relative_only
106,24.122623116,-0.248283034,0.283611625,-0.857301043,-0.432851186,-0.0431406455,0.857207277,0.275634576,1,fitted_bspline,raw_camera_orientation,relative_only
107,24.273949749,-0.232221856,0.272388651,-0.823857239,-0.426942706,-0.0570065277,0.834037462,0.34474874,1,fitted_bspline,raw_camera_orientation,relative_only
108,24.425276382,-0.245519853,0.27240951,-0.819646889,-0.408917428,-0.0451825376,0.822418219,0.392903739,1,fitted_bspline,raw_camera_orientation,relative_only
109,24.576603015,-0.255393131,0.282227841,-0.837127493,-0.394483284,-0.0462289369,0.824724781,0.40258522,1,fitted_bspline,raw_camera_orientation,relative_only
110,24.727929648,-0.235438351,0.289115043,-0.844536256,-0.397638571,-0.0685954362,0.824563495,0.396576948,1,fitted_bspline,raw_camera_orientation,relative_only
111,24.879256281,-0.229803756,0.284055831,-0.836305488,-0.41316633,-0.0808378625,0.818818827,0.390249347,1,fitted_bspline,raw_camera_orientation,relative_only
112,25.030582915,-0.241084415,0.272888186,-0.850306649,-0.399461695,-0.0733576033,0.830870112,0.380399622,1,fitted_bspline,raw_camera_orientation,relative_only
113,25.181909548,-0.256091109,0.263717956,-0.830093382,-0.406404414,-0.0889722593,0.849955388,0.323257216,1,fitted_bspline,raw_camera_orientation,relative_only
114,25.333236181,-0.264923801,0.258520752,-0.834390214,-0.403211477,-0.107667672,0.858835905,0.297033779,1,fitted_bspline,raw_camera_orientation,relative_only
115,25.484562814,-0.27083919,0.256433059,-0.851270317,-0.404985204,-0.113021615,0.864544794,0.275273315,1,fitted_bspline,raw_camera_orientation,relative_only
116,25.635889447,-0.280383155,0.256242944,-0.851938552,-0.412429655,-0.109791388,0.865094517,0.26355096,1,fitted_bspline,raw_camera_orientation,relative_only
117,25.787216080,-0.288552159,0.256738472,-0.851225358,-0.417641181,-0.112340909,0.865181399,0.253804079,1,fitted_bspline,raw_camera_orientation,relative_only
118,25.938542714,-0.273319852,0.25670771,-0.853448984,-0.407085544,-0.112237851,0.869977014,0.254605615,1,fitted_bspline,raw_camera_orientation,relative_only
119,26.089869347,-0.28753303,0.254938724,-0.851320701,-0.402729163,-0.112119771,0.870293587,0.260437039,1,fitted_bspline,raw_camera_orientation,relative_only
120,26.241195980,-0.303640942,0.250728599,-0.835967211,-0.411455012,-0.106629198,0.868960967,0.253459709,1,fitted_bspline,raw_camera_orientation,relative_only
121,26.392522613,-0.309956465,0.245410495,-0.845070537,-0.400864915,-0.107872575,0.873707796,0.25358532,1,fitted_bspline,raw_camera_orientation,relative_only
122,26.543849246,-0.306327606,0.240826591,-0.829221708,-0.4128846,-0.103846807,0.869097764,0.251815855,1,fitted_bspline,raw_camera_orientation,relative_only
123,26.695175879,-0.29617675,0.238819065,-0.820282101,-0.399104099,-0.103659696,0.873570985,0.258542685,1,fitted_bspline,raw_camera_orientation,relative_only
124,26.846502513,-0.29722379,0.241230097,-0.821453779,-0.374785767,-0.101748512,0.886222778,0.252570895,1,fitted_bspline,raw_camera_orientation,relative_only
125,26.997829146,-0.317639969,0.249901864,-0.816178319,-0.298251937,-0.161189617,0.895658021,0.287854824,1,fitted_bspline,raw_camera_orientation,relative_only
126,27.149155779,-0.324434613,0.261416627,-0.790949268,-0.171115862,-0.270190818,0.88769743,0.33122433,1,fitted_bspline,raw_camera_orientation,relative_only
127,27.300482412,-0.332340157,0.247589038,-0.762222146,0.260868066,-0.251242387,0.851216718,0.379809445,1,fitted_bspline,raw_camera_orientation,relative_only
128,27.451809045,-0.381524423,0.1959533,-0.661185628,0.755832256,-0.0973789395,0.595538682,0.254103564,1,fitted_bspline,raw_camera_orientation,relative_only
129,27.603135678,-0.384610934,0.190636081,-0.639740594,0.877960078,-0.0779783032,0.406399619,0.240717336,1,fitted_bspline,raw_camera_orientation,relative_only
130,27.754462312,-0.381184225,0.195688349,-0.664364711,0.880907385,-0.0736245993,0.428465948,0.18707894,1,fitted_bspline,raw_camera_orientation,relative_only
131,27.905788945,-0.387006494,0.199960294,-0.658349659,0.904203237,-0.118077961,0.401046997,0.087380822,1,fitted_bspline,raw_camera_orientation,relative_only
132,28.057115578,-0.410573232,0.207257473,-0.69833704,0.893784433,-0.164144905,0.417350534,-0.00493654076,1,fitted_bspline,raw_camera_orientation,relative_only
133,28.208442211,-0.400216667,0.212789466,-0.694771343,0.896593516,-0.150256659,0.411916425,-0.0621921419,1,fitted_bspline,raw_camera_orientation,relative_only
134,28.359768844,-0.395467396,0.208215184,-0.692832472,0.896243894,-0.152894196,0.414196305,-0.0425637005,1,fitted_bspline,raw_camera_orientation,relative_only
135,28.511095477,-0.375330866,0.191494502,-0.674811612,0.913824235,-0.11356528,0.386973679,-0.0477447972,1,fitted_bspline,raw_camera_orientation,relative_only
136,28.662422111,-0.367833909,0.181274636,-0.678903382,0.920681308,-0.0758699057,0.381245986,-0.0352304493,1,fitted_bspline,raw_camera_orientation,relative_only
137,28.813748744,-0.344449811,0.178830967,-0.671616609,0.930256268,-0.0546906716,0.361827871,-0.02669828,1,fitted_bspline,raw_camera_orientation,relative_only
138,28.965075377,-0.3429343,0.179427227,-0.684044379,0.928892198,-0.0182358596,0.368869109,-0.0276101346,1,fitted_bspline,raw_camera_orientation,relative_only
139,29.116402010,-0.346665159,0.179215996,-0.688242222,0.92609865,-0.0292568465,0.375666966,-0.0189646773,1,fitted_bspline,raw_camera_orientation,relative_only
140,29.267728643,-0.347865618,0.177905229,-0.681597662,0.928217875,-0.0176574429,0.370822529,-0.0242990395,1,fitted_bspline,raw_camera_orientation,relative_only
141,29.419055276,-0.346700682,0.176091728,-0.67425592,0.929127628,-0.026036301,0.368339605,-0.0192327443,1,fitted_bspline,raw_camera_orientation,relative_only
142,29.570381910,-0.343356028,0.174372292,-0.673520805,0.934398298,-0.0149041197,0.355709861,-0.0121730126,1,fitted_bspline,raw_camera_orientation,relative_only
143,29.721708543,-0.338100024,0.173343721,-0.675330494,0.936426788,-0.00728039863,0.3501556,0.021045737,1,fitted_bspline,raw_camera_orientation,relative_only
144,29.873035176,-0.331221709,0.173602817,-0.672781753,0.933891663,-0.00199678132,0.354940672,0.0431218579,1,fitted_bspline,raw_camera_orientation,relative_only
145,30.024361809,-0.323698486,0.17545389,-0.662747096,0.936796376,-0.00411927609,0.344722983,0.0596795275,1,fitted_bspline,raw_camera_orientation,relative_only
146,30.175688442,-0.31926122,0.178031294,-0.657202018,0.93648123,-0.0103353603,0.344566443,0.0645759419,1,fitted_bspline,raw_camera_orientation,relative_only
147,30.327015075,-0.322329141,0.180176894,-0.664786216,0.935394865,-0.0242922019,0.346951614,0.0638037026,1,fitted_bspline,raw_camera_orientation,relative_only
148,30.478341709,-0.333158929,0.181051704,-0.67007126,0.933822546,-0.0325014804,0.349319806,0.0699626998,1,fitted_bspline,raw_camera_orientation,relative_only
149,30.629668342,-0.335357054,0.18109334,-0.668029347,0.935616588,-0.029679769,0.34520335,0.0676413936,1,fitted_bspline,raw_camera_orientation,relative_only
150,30.780994975,-0.320782022,0.181058569,-0.661338543,0.936584772,-0.0277345001,0.342745112,0.0675688564,1,fitted_bspline,raw_camera_orientation,relative_only
151,30.932321608,-0.31380067,0.181557564,-0.661969394,0.941111657,-0.0280604312,0.329292412,0.0713300013,1,fitted_bspline,raw_camera_orientation,relative_only
152,31.083648241,-0.302076978,0.182614123,-0.669144993,0.946202268,-0.0318160073,0.312394073,0.0780957977,1,fitted_bspline,raw_camera_orientation,relative_only
153,31.234974874,-0.310257728,0.184105449,-0.678069616,0.944203238,-0.0387081131,0.314920727,0.0883564583,1,fitted_bspline,raw_camera_orientation,relative_only
154,31.386301508,-0.306735231,0.185908746,-0.683947538,0.946723084,-0.0315741082,0.30798659,0.088672082,1,fitted_bspline,raw_camera_orientation,relative_only
155,31.537628141,-0.306276425,0.187901218,-0.684102445,0.944074392,-0.0476736331,0.312233834,0.0946615033,1,fitted_bspline,raw_camera_orientation,relative_only
156,31.688954774,-0.312543962,0.189960068,-0.68433566,0.942082255,-0.05801955,0.314660102,0.100517542,1,fitted_bspline,raw_camera_orientation,relative_only
157,31.840281407,-0.321561209,0.1919625,-0.69256792,0.943982064,-0.0829186396,0.301605537,0.105149716,1,fitted_bspline,raw_camera_orientation,relative_only
158,31.991608040,-0.324810016,0.193831862,-0.703182589,0.935986005,-0.0882416305,0.320176173,0.116751149,1,fitted_bspline,raw_camera_orientation,relative_only
159,32.142934673,-0.312731512,0.195676074,-0.687316805,0.944635366,-0.0840399509,0.299724199,0.103762789,1,fitted_bspline,raw_camera_orientation,relative_only
160,32.294261307,-0.320134873,0.197649203,-0.700616948,0.944360325,-0.0668223668,0.303999971,0.106312585,1,fitted_bspline,raw_camera_orientation,relative_only
161,32.445587940,-0.328446915,0.199845401,-0.729704405,0.943550398,-0.0745057145,0.303366909,0.110136564,1,fitted_bspline,raw_camera_orientation,relative_only
162,32.596914573,-0.330941643,0.202119175,-0.744983312,0.941221995,-0.0750613715,0.310558904,0.109636279,1,fitted_bspline,raw_camera_orientation,relative_only
163,32.748241206,-0.328752828,0.204265121,-0.7346764,0.942414272,-0.0755460423,0.3062372,0.111206627,1,fitted_bspline,raw_camera_orientation,relative_only
164,32.899567839,-0.323362075,0.206099631,-0.735857222,0.945263572,-0.0758535658,0.296827699,0.112322455,1,fitted_bspline,raw_camera_orientation,relative_only
165,33.050894472,-0.317642335,0.20752629,-0.748782928,0.950037997,-0.0794689184,0.279939332,0.112900244,1,fitted_bspline,raw_camera_orientation,relative_only
166,33.202221106,-0.314814392,0.208470481,-0.760636236,0.952964101,-0.0735452352,0.272439904,0.110575856,1,fitted_bspline,raw_camera_orientation,relative_only
167,33.353547739,-0.316695806,0.208857589,-0.762478472,0.952404648,-0.0843742628,0.2707868,0.111717856,1,fitted_bspline,raw_camera_orientation,relative_only
168,33.504874372,-0.319491237,0.208612996,-0.760885384,0.955940372,-0.081934934,0.260214983,0.108410494,1,fitted_bspline,raw_camera_orientation,relative_only
169,33.656201005,-0.318002116,0.207662084,-0.766311324,0.95165242,-0.0940655201,0.273025022,0.104721952,1,fitted_bspline,raw_camera_orientation,relative_only
170,33.807527638,-0.310348582,0.205998308,-0.773606518,0.953221444,-0.0909185093,0.265667939,0.111907323,1,fitted_bspline,raw_camera_orientation,relative_only
171,33.958854271,-0.307925596,0.203887393,-0.748970852,0.958254169,-0.0796432436,0.255117955,0.101591,1,fitted_bspline,raw_camera_orientation,relative_only
172,34.110180905,-0.310445491,0.201663138,-0.748514703,0.958064382,-0.0864166364,0.249918871,0.110387336,1,fitted_bspline,raw_camera_orientation,relative_only
173,34.261507538,-0.288991094,0.199659339,-0.754024774,0.961923512,-0.0692221292,0.241322481,0.108050521,1,fitted_bspline,raw_camera_orientation,relative_only
174,34.412834171,-0.29155098,0.198209793,-0.758179337,0.964497569,-0.0709480079,0.231317425,0.105844552,1,fitted_bspline,raw_camera_orientation,relative_only
175,34.564160804,-0.288236068,0.197648297,-0.763767072,0.968822817,-0.0630620635,0.218523058,0.0982506938,1,fitted_bspline,raw_camera_orientation,relative_only
176,34.715487437,-0.292020304,0.198184709,-0.772627844,0.969779044,-0.067557719,0.219243632,0.0830469149,1,fitted_bspline,raw_camera_orientation,relative_only
177,34.866814070,-0.274096342,0.199533126,-0.782806252,0.972376637,-0.0702239869,0.213992513,0.0613145368,1,fitted_bspline,raw_camera_orientation,relative_only
178,35.018140704,-0.276009112,0.201283711,-0.791398077,0.970190814,-0.0830759017,0.221806129,0.0512856694,1,fitted_bspline,raw_camera_orientation,relative_only
179,35.169467337,-0.283501715,0.203026621,-0.79640156,0.971218764,-0.0827265785,0.220050399,0.0383177109,1,fitted_bspline,raw_camera_orientation,relative_only
180,35.320793970,-0.286497557,0.204352017,-0.799424761,0.970128578,-0.0916099873,0.219723828,0.0466861015,1,fitted_bspline,raw_camera_orientation,relative_only
181,35.472120603,-0.283661351,0.204850058,-0.802978195,0.972373592,-0.0889939449,0.20956909,0.0514827357,1,fitted_bspline,raw_camera_orientation,relative_only
182,35.623447236,-0.280196218,0.204371675,-0.808992082,0.970307858,-0.0921562597,0.21795145,0.0500704419,1,fitted_bspline,raw_camera_orientation,relative_only
183,35.774773869,-0.278213386,0.203810875,-0.817075442,0.967089674,-0.0914100717,0.229227368,0.0619400975,1,fitted_bspline,raw_camera_orientation,relative_only
184,35.926100503,-0.278563688,0.204322435,-0.826257,0.964153363,-0.0861278164,0.237058077,0.0824242697,1,fitted_bspline,raw_camera_orientation,relative_only
185,36.077427136,-0.281478248,0.206610573,-0.835565478,0.945277237,-0.10268102,0.280677338,0.130873167,1,fitted_bspline,raw_camera_orientation,relative_only
186,36.228753769,-0.284709349,0.209577257,-0.844029599,0.946154635,-0.109466324,0.279624882,0.120906808,1,fitted_bspline,raw_camera_orientation,relative_only
187,36.380080402,-0.285389565,0.211673897,-0.850678088,0.939991009,-0.102955616,0.29782642,0.13082992,1,fitted_bspline,raw_camera_orientation,relative_only
188,36.531407035,-0.281615159,0.21173669,-0.854881732,0.944160892,-0.0954194348,0.288120688,0.128225626,1,fitted_bspline,raw_camera_orientation,relative_only
189,36.682733668,-0.275337152,0.210140991,-0.857379583,0.945840594,-0.0941496158,0.289510688,0.112716375,1,fitted_bspline,raw_camera_orientation,relative_only
190,36.834060302,-0.269470253,0.207646945,-0.859252761,0.947848583,-0.101030247,0.28240982,0.107799101,1,fitted_bspline,raw_camera_orientation,relative_only
191,36.985386935,-0.266164566,0.205014698,-0.861582383,0.947158406,-0.104096052,0.281608295,0.112923576,1,fitted_bspline,raw_camera_orientation,relative_only
192,37.136713568,-0.264511765,0.203004394,-0.865449566,0.936008531,-0.106176456,0.309787217,0.129021204,1,fitted_bspline,raw_camera_orientation,relative_only
193,37.288040201,-0.26283892,0.202376178,-0.871935429,0.94026921,-0.108702006,0.297835058,0.123983728,1,fitted_bspline,raw_camera_orientation,relative_only
194,37.439366834,-0.259872216,0.203560388,-0.881475316,0.934674654,-0.110324843,0.305739906,0.143995936,1,fitted_bspline,raw_camera_orientation,relative_only
195,37.590693467,-0.255934309,0.205668131,-0.891921484,0.932524273,-0.0982590028,0.320280124,0.134774961,1,fitted_bspline,raw_camera_orientation,relative_only
196,37.742020101,-0.251746972,0.207480707,-0.900480413,0.92725202,-0.0926751976,0.322033991,0.167060191,1,fitted_bspline,raw_camera_orientation,relative_only
197,37.893346734,-0.24803198,0.207779416,-0.904358585,0.929076792,-0.0900175242,0.324139373,0.153775251,1,fitted_bspline,raw_camera_orientation,relative_only
198,38.044673367,-0.245511105,0.205345558,-0.900762482,0.923831084,-0.101327198,0.328512507,0.168370006,1,fitted_bspline,raw_camera_orientation,relative_only
199,38.196000000,-0.24490612,0.198960433,-0.886898587,0.925815017,-0.123300374,0.311127873,0.175678736,1,fitted_bspline,raw_camera_orientation,relative_only
