frame_index,timestamp_sec,time_normalized,speed_relative,acceleration_relative,jerk_proxy,curvature,step_relative,pose_jump,bspline_residual,rts_residual,innovation_norm
0,8.067000000,0,1.93057707,141.108276,11089.488,4.08700272,0,false,0.00113613616,0.0462283709,0
1,8.217000000,0.00441176471,1.41003289,97.0212999,10464.9834,8.09183825,0.00736779285,false,0.00283135905,0.0427526679,4.33680869e-19
2,8.417000000,0.0102941176,1.02800771,36.3905904,8404.34793,13.1029379,0.00626412159,false,0.00210013378,0.0414575797,0.0035962333
3,8.567000000,0.0147058824,0.977361476,6.60542559,6690.95039,3.91605398,0.00445114869,false,0.00088034493,0.0411354066,0.00210535098
4,8.767000000,0.0205882353,0.991761342,34.2444831,3836.05897,6.27005876,0.00556073884,false,0.00137307365,0.0405340527,0.00214116727
5,8.917000000,0.025,1.24438297,40.4757452,2989.61974,5.3524412,0.00456597233,false,0.00197964619,0.0401302469,0.00146935108
6,9.117000000,0.0308823529,1.34518085,11.4913751,5100.75904,5.94052899,0.00899722852,false,0.000519279652,0.0366239493,0.00209584361
7,9.267000000,0.0352941176,1.2535028,17.7163979,2681.84717,1.18369324,0.00533867652,false,0.000361419969,0.0350994841,0.00140132117
8,9.417000000,0.0397058824,1.19002843,26.1583567,1031.94885,2.86482674,0.00572978006,false,0.000580024103,0.0333489015,0.00148315685
9,9.617000000,0.0455882353,0.953168902,8.61528337,5872.16633,8.60784667,0.00614922425,false,0.000986386941,0.0322794795,0.00037142845
10,9.767000000,0.05,1.05567866,29.2480809,3206.20335,9.18685814,0.00392850753,false,0.00216313627,0.0321533424,0.00149105556
11,9.967000000,0.0558823529,1.24921047,14.7409263,2420.77005,6.9936393,0.00759208427,false,0.00176575752,0.0301251974,0.000535944852
12,10.117000000,0.0602941176,1.22021309,13.5421736,1594.4406,8.00125943,0.0053856055,false,0.00173707021,0.0288686328,0.00085743183
13,10.267000000,0.0647058824,1.30204234,10.7896843,1702.23775,3.04023846,0.00541515228,false,0.00131767345,0.0272195092,0.000826678611
14,10.467000000,0.0705882353,1.28757025,6.00074876,2618.05821,1.94572033,0.00829796737,false,0.00107707115,0.0247120386,0.00188958183
15,10.617000000,0.075,1.25706811,16.8166733,2948.56037,0.0904976861,0.00528020962,false,0.00114466586,0.0234394945,0.0015306614
16,10.817000000,0.0808823529,1.08292192,35.2368847,3175.67574,5.43112233,0.00786772624,false,0.00186300366,0.021031426,0.00212506093
17,10.967000000,0.0852941176,0.911188918,16.2117044,5839.006,17.9556823,0.00398389045,false,0.00175303584,0.0214033819,0.000671402625
18,11.167000000,0.0911764706,1.13505875,23.6192821,3187.39678,8.08473308,0.00559771867,false,0.00101598416,0.0207639449,0.00161682196
19,11.317000000,0.0955882353,1.17737884,17.9976052,3621.28547,12.6631627,0.00562697705,false,0.000781929879,0.0193469581,0.0013113259
20,11.467000000,0.1,1.09265314,9.32177121,3602.23799,5.47678383,0.00479883438,false,0.00141503349,0.0190577982,0.00115874898
21,11.667000000,0.105882353,1.15723138,14.3571335,1331.76367,10.3895647,0.00652579958,false,0.00119948763,0.0179427842,0.00138880151
22,11.817000000,0.110294118,1.14613803,7.14051953,2662.48465,4.48253196,0.00526904521,false,0.00123434029,0.017068539,0.00133778052
23,12.017000000,0.116176471,1.1114103,11.5688099,2489.44257,6.14975442,0.00640751559,false,0.000817367781,0.0158533578,0.00220896982
24,12.167000000,0.120588235,1.06220714,21.3323074,1908.51535,8.39226003,0.00502378615,false,0.00123850766,0.0153826454,0.00179921959
25,12.317000000,0.125,0.946703872,13.7386595,3363.7448,11.1693909,0.00437404928,false,0.000916817097,0.0151235722,0.00243413577
26,12.517000000,0.130882353,1.01533981,18.508017,1908.6866,10.3128149,0.00523215168,false,0.000451575114,0.0156101459,0.00382377473
27,12.667000000,0.135294118,1.09502898,14.5498733,1781.40115,3.56685043,0.00491877544,false,0.000582746454,0.0150679439,0.00358427313
28,12.867000000,0.141176471,1.1442153,9.01727557,3347.42035,5.01960877,0.00629603514,false,0.00130801642,0.0144541596,0.00403771602
29,13.017000000,0.145588235,1.1627469,16.2581969,3450.34083,7.64908203,0.00532874339,false,0.00119248411,0.0143565495,0.00318119632
30,13.217000000,0.151470588,0.9630037,27.4845768,5151.63583,7.09072873,0.00655962745,false,0.00204063862,0.0140642277,0.00363493227
31,13.367000000,0.155882353,0.871773224,29.231501,7524.77804,38.0503587,0.00380004919,false,0.00187726839,0.015334074,0.00434424963
32,13.517000000,0.160294118,1.0081257,42.1363644,4125.64443,15.412037,0.00400793589,false,0.00160507624,0.0154992335,0.00460165523
33,13.717000000,0.166176471,1.28317277,13.7733536,6768.26463,6.60961583,0.00672158399,false,0.00158980515,0.0148986148,0.00425973002
34,13.867000000,0.170588235,1.19378181,26.3727008,4049.46116,2.68628851,0.00613372819,false,0.00219814922,0.0145645044,0.00311682983
35,14.067000000,0.176470588,0.99484069,15.8095521,2819.46615,8.03325547,0.00548802199,false,0.00173069688,0.0153092227,0.00371770388
36,14.217000000,0.180882353,0.999848877,11.0214897,2062.50338,10.8156118,0.00462264111,false,0.00175788198,0.015037039,0.00401370414
37,14.367000000,0.185294118,0.978571207,4.86636503,2291.85643,5.04970164,0.00423622373,false,0.00144816631,0.0156397345,0.00416677982
38,14.567000000,0.191176471,1.02113136,20.0458161,1013.2751,4.95888111,0.00590895819,false,0.00177153827,0.0162423913,0.00445903123
39,14.717000000,0.195588235,1.14518868,14.6855086,1828.20779,3.53974043,0.00457340118,false,0.00199995312,0.0162520527,0.00464889374
40,14.917000000,0.201470588,1.11846922,12.1390499,1085.08465,9.55493109,0.00761549031,false,0.00156890635,0.016901345,0.00356147404
41,15.067000000,0.205882353,1.14930128,8.5415291,1822.54806,3.98304891,0.00442328926,false,0.00186612856,0.0165122661,0.00446459833
42,15.267000000,0.211764706,1.18925379,10.9385939,1818.60188,2.6000606,0.00796789319,false,0.000969634966,0.0169656323,0.00417211899
43,15.417000000,0.216176471,1.24477715,16.7602122,1447.33654,5.47076257,0.00471030006,false,0.00158448221,0.0168929257,0.00472626168
44,15.567000000,0.220588235,1.31785796,12.5087237,1978.32381,4.90871754,0.0062832492,false,0.000914443922,0.0173062472,0.00516780065
45,15.767000000,0.226470588,1.31084006,6.9284496,2047.40805,0.634492876,0.00692856439,false,0.000605284002,0.018171005,0.00544796702
46,15.917000000,0.230882353,1.26189034,14.8302809,1093.9093,3.91797993,0.00623199204,false,0.000561873405,0.018896051,0.00632330999
47,16.117000000,0.236764706,1.16756744,14.5029892,5215.93918,5.20781318,0.00625910423,false,0.000583666783,0.0196615575,0.00630627961
48,16.267000000,0.241176471,1.32055412,38.3526788,3344.61711,15.6846134,0.00552313844,false,0.00140485706,0.020326591,0.0070072022
49,16.417000000,0.245588235,1.40868908,21.1148604,7177.14326,8.20912273,0.00622144783,false,0.00112143808,0.0215024043,0.00751071012
50,16.617000000,0.251470588,1.0567634,29.1170235,4868.6057,5.06646892,0.00829072357,false,0.00181099685,0.0228670831,0.00908867216
51,16.767000000,0.255882353,1.03394837,16.7729639,3892.84886,8.4880242,0.00349719504,false,0.000905789494,0.0222703805,0.00860857679
52,16.967000000,0.261764706,1.26774444,10.0014728,2746.5087,3.88151096,0.00799180777,false,0.00134745451,0.024176167,0.00930260719
53,17.117000000,0.266176471,1.07528673,13.9213584,3392.0626,9.79714403,0.00531784792,false,0.00190230908,0.0248475628,0.00977515167
54,17.317000000,0.272058824,1.31351557,30.3521873,4229.56089,10.2601919,0.00533471709,false,0.0020865395,0.0247406786,0.00945985395
55,17.467000000,0.276470588,1.36924215,26.6998929,8030.93431,8.3399812,0.00715860467,false,0.00205357494,0.0265043143,0.0111394065
56,17.617000000,0.280882353,1.12121825,42.633309,2894.5216,1.76692031,0.00498554305,false,0.00166100089,0.0273074417,0.0108175618
57,17.817000000,0.286764706,0.98320831,11.1378287,4166.30308,11.5030223,0.00657849167,false,0.00145505745,0.02793087,0.011458896
58,17.967000000,0.291176471,1.05232807,9.3002478,2215.83093,6.70377938,0.00389562365,false,0.00138237637,0.0274889674,0.0114541838
59,18.167000000,0.297058824,1.00552081,22.7321492,2593.56576,10.8157859,0.00755567987,false,0.00210812892,0.0293763314,0.0117472822
60,18.317000000,0.301470588,1.18973003,30.9767546,2806.18571,8.35339193,0.00355210927,false,0.0020510825,0.028713727,0.0116969791
61,18.467000000,0.305882353,1.25422445,8.19987156,4671.49997,5.16135544,0.00700585113,false,0.00263318313,0.0308779157,0.0127498888
62,18.667000000,0.311764706,1.16539912,12.3375354,2412.67312,8.94850482,0.00483173517,false,0.00248815138,0.0302996736,0.0125755318
63,18.817000000,0.316176471,1.1927466,14.2270757,2568.50144,2.19298057,0.00629050588,false,0.00217581992,0.0319472914,0.0136386855
64,19.017000000,0.322058824,0.954160497,17.6780179,965.718141,2.68295856,0.00519118467,false,0.00195088167,0.0315335728,0.0140487074
65,19.167000000,0.326470588,0.952400121,8.91290004,3089.05915,2.27618495,0.00445085538,false,0.00212225832,0.0318714999,0.0140729482
66,19.367000000,0.332352941,0.836245416,18.1666843,4958.70426,12.9865819,0.00518380719,false,0.00233989034,0.031369996,0.0149672556
67,19.517000000,0.336764706,1.02594592,42.342873,1274.75021,17.6086788,0.00356102733,false,0.00325029453,0.0309758384,0.0148851887
68,19.667000000,0.341176471,1.17454838,24.176977,4870.48273,5.4649348,0.00555529449,false,0.00206291945,0.0318929075,0.0160175018
69,19.867000000,0.347058824,1.22488089,14.0222224,7108.27884,8.92018652,0.00627201954,false,0.00199775491,0.0322309359,0.0171885621
70,20.017000000,0.351470588,1.16454526,44.2949089,3051.88335,11.551348,0.0059530961,false,0.00197913948,0.0339972992,0.0172858127
71,20.217000000,0.357352941,0.697062622,12.4992061,8950.2235,18.2378329,0.00548430055,false,0.00104323476,0.0339623079,0.0186050219
72,20.367000000,0.361764706,0.896683829,41.8302402,2013.09106,7.01937114,0.00232319886,false,0.00182599261,0.0324156125,0.0187532445
73,20.517000000,0.366176471,1.05933325,7.31160692,6181.14659,6.4892776,0.00560135872,false,0.00116212895,0.0337422945,0.019123004
74,20.717000000,0.372058824,0.760392322,10.2182547,3704.02337,9.75248243,0.00462308298,false,0.000935819586,0.0331664057,0.0202013864
75,20.867000000,0.376470588,0.862808598,25.2805563,2731.26458,10.5180263,0.00327948144,false,0.00145378587,0.0325241474,0.0206745982
76,21.067000000,0.382352941,1.02155105,7.83795617,6411.93752,7.50865236,0.0060292794,false,0.000614694845,0.0334561561,0.0211508687
77,21.217000000,0.386764706,0.925403153,34.432292,3415.75489,13.8495299,0.00457754718,false,0.00106338198,0.0340455562,0.0225268793
78,21.417000000,0.392647059,0.669468989,17.2578819,8080.01144,37.5678642,0.00479941834,false,0.00138755891,0.033942402,0.0227095739
79,21.567000000,0.397058824,0.829228862,42.2477608,4069.45858,23.4623037,0.00262805697,false,0.00126139318,0.0324392503,0.0236545395
80,21.717000000,0.401470588,1.02505162,25.3615885,5276.92721,11.9458409,0.00480722001,false,0.000965187408,0.0333595879,0.023204926
81,21.917000000,0.407352941,0.968786618,19.0310362,3271.67429,16.7561705,0.00561069384,false,0.00224894036,0.0341702744,0.024428273
82,22.067000000,0.411764706,0.917776904,18.0101544,2374.04421,7.49086305,0.00437376905,false,0.00280563407,0.0345438092,0.0246315998
83,22.267000000,0.417647059,0.77554674,19.5106185,2175.29587,10.7887374,0.00482579832,false,0.00319720369,0.034334846,0.0257947068
84,22.417000000,0.422058824,0.710624051,23.2869243,1875.82033,28.1595269,0.0032895727,false,0.00358378849,0.0341748644,0.0266564299
85,22.567000000,0.426470588,0.621289654,14.1882826,2998.4227,30.4873652,0.00300428542,false,0.00350987245,0.0336156336,0.0271876304
86,22.767000000,0.432352941,0.65577303,11.8092892,853.490674,25.7217534,0.00324426288,false,0.00264750536,0.0321039762,0.0280263314
87,22.917000000,0.436764706,0.670091794,6.56225307,2126.32502,14.3245078,0.00330546993,false,0.00321799968,0.0320998385,0.028743288
88,23.117000000,0.442647059,0.628472917,10.5506691,770.519085,25.9377502,0.00334208007,false,0.00317862421,0.0310354037,0.0303609182
89,23.267000000,0.447058824,0.667628743,3.7831714,799.166054,3.84693138,0.00298102611,false,0.0030987458,0.0304868321,0.0306916319
90,23.467000000,0.452941176,0.643844246,12.6695022,701.179351,29.2314301,0.00387429535,false,0.00308312281,0.0297219168,0.0319335412
91,23.617000000,0.457352941,0.636071264,11.37418,3320.50623,28.0984293,0.00280330333,false,0.0032413555,0.0292800756,0.0323594555
92,23.767000000,0.461764706,0.639409882,19.0141112,2815.67445,34.3970519,0.00287530204,false,0.00263046072,0.0281677382,0.032444067
93,23.967000000,0.467647059,0.833252018,19.6333115,5148.03789,27.3102602,0.00380318673,false,0.00322867463,0.0279202432,0.0335416742
94,24.117000000,0.472058824,0.682243455,30.0141576,4118.47064,37.752134,0.00439043004,false,0.00296760645,0.0279197967,0.0336181763
95,24.317000000,0.477941176,0.623819216,38.1793052,4220.51917,25.758041,0.00167929404,false,0.00353928534,0.0258077052,0.0362355828
96,24.467000000,0.482352941,0.926802208,28.0531736,7223.63516,10.4467524,0.00391994148,false,0.00271800125,0.0254319468,0.0355398259
97,24.617000000,0.486764706,0.860181072,25.6105941,5983.4001,14.2572066,0.00428329338,false,0.0017156521,0.0247639899,0.034904971
98,24.817000000,0.492647059,0.65517024,15.6826546,5486.82457,3.28965221,0.00424236856,false,0.00212943667,0.0244873324,0.0358257314
99,24.967000000,0.497058824,0.650139258,23.6345508,5695.08229,42.2922825,0.00268666407,false,0.00260072975,0.023830744,0.0365072118
100,25.167000000,0.502941176,0.891984246,38.5512177,2814.0172,23.3020169,0.00415545261,false,0.00296174319,0.023292036,0.0372912124
101,25.317000000,0.507352941,1.01082446,16.8372891,5301.89673,10.4403238,0.00461907569,false,0.00165080465,0.0221740295,0.0357738981
102,25.517000000,0.513235294,0.977353736,15.7737408,2510.13177,12.8678088,0.00575551332,false,0.00105913915,0.0220661419,0.0347413965
103,25.667000000,0.517647059,0.921730982,15.949395,2230.30702,13.5750687,0.004321268,false,0.00153848582,0.0215599119,0.0337700052
104,25.817000000,0.522058824,0.875868612,25.7785824,3070.81191,4.05247702,0.00382502476,false,0.00198252078,0.0209564226,0.0335394077
105,26.017000000,0.527941176,0.606389862,36.3767441,5357.60808,3.69941985,0.00523973623,false,0.00244196308,0.0202675694,0.0332494313
106,26.167000000,0.532352941,0.47778126,16.0815231,8135.96841,58.5198853,0.00177120805,false,0.0014792049,0.0196375327,0.0348348958
107,26.367000000,0.538235294,0.837341699,40.8726697,3159.96784,8.64512176,0.00354698283,false,0.00126562643,0.0189719525,0.0357167278
108,26.517000000,0.542647059,0.944193391,15.1917221,5746.98803,14.0016061,0.00449305008,false,0.00139386539,0.0176807341,0.034731642
109,26.667000000,0.547058824,0.919206845,15.264267,3652.58204,17.0147267,0.00386534415,false,0.0014268477,0.0170012706,0.034063092
110,26.867000000,0.552941176,0.891670379,24.1302517,3359.78776,20.5671779,0.00580073333,false,0.00165721773,0.0165872425,0.0334055082
111,27.017000000,0.557352941,0.7672964,25.0213834,4073.4898,16.1323109,0.00366025389,false,0.00210297851,0.0156355938,0.0335495127
112,27.217000000,0.563235294,0.7022408,18.0334831,4534.58872,35.6371034,0.00403693787,false,0.00215457256,0.0150978416,0.0347462487
113,27.367000000,0.567647059,0.747896551,16.6196635,3521.49725,29.1222434,0.00335046036,false,0.00142615362,0.0148253813,0.0342994356
114,27.567000000,0.573529412,0.745856426,6.42415766,3359.20262,11.3097268,0.00463804471,false,0.00160452888,0.0143029613,0.0349162377
115,27.717000000,0.577941176,0.725478298,17.2669125,4266.1391,29.9909276,0.00315151991,false,0.00187062488,0.0142549205,0.0353511271
116,27.867000000,0.582352941,0.800562995,34.9350043,1876.73637,5.31880592,0.00333476397,false,0.00194873626,0.0137244512,0.0352992621
117,28.067000000,0.588235294,1.14329589,8.3365635,9094.51987,5.68585947,0.0051565537,false,0.00179166614,0.0134445948,0.0353020705
118,28.217000000,0.592647059,0.981678287,49.0162739,2680.99528,5.88257336,0.00595802893,false,0.00263024548,0.0116770394,0.0331611709
119,28.417000000,0.598529412,0.598955478,12.2495476,9441.24825,23.3750493,0.00290657159,false,0.00124351745,0.0124788022,0.0346869564
120,28.567000000,0.602941176,0.887312755,49.9876996,3027.40339,8.58832515,0.00303006779,false,0.00155296713,0.0125851179,0.0352347525
121,28.717000000,0.607352941,1.03342475,20.6085109,7964.16021,17.6872127,0.00488746539,false,0.00174519782,0.0112479456,0.0338484458
122,28.917000000,0.613235294,0.900941133,27.2667032,5053.39961,5.02384925,0.00571815992,false,0.00205352129,0.0108767137,0.0335250858
123,29.067000000,0.617647059,0.76719684,34.6418073,3113.47746,53.790759,0.00375875188,false,0.00191790913,0.0111269293,0.0330869235
124,29.267000000,0.623529412,0.8166785,11.2250224,6021.35464,15.895039,0.00416387596,false,0.00178959066,0.0109678032,0.034489573
125,29.417000000,0.627941176,0.825131913,36.6752925,779.208421,48.8162373,0.00400204232,false,0.00274958865,0.0105986659,0.0348606173
126,29.617000000,0.633823529,0.571201891,18.250165,8093.99273,26.096815,0.00477110101,false,0.00157800462,0.0112508694,0.0342891727
127,29.767000000,0.638235294,0.843256634,56.8399113,1423.62279,19.4270665,0.00183695223,false,0.00199252141,0.0131718038,0.0356325294
128,29.917000000,0.642647059,1.04895926,12.2377093,7500.55651,6.44532698,0.00562106168,false,0.00169385977,0.0114266231,0.0338749371
129,30.117000000,0.648529412,0.819966036,16.3672401,1848.58933,23.2498014,0.00453750763,false,0.000990063305,0.0124230094,0.0344536133
130,30.267000000,0.652941176,0.915362455,17.160851,3013.91637,2.09257374,0.00389003823,false,0.00109025406,0.0124299402,0.0338476268
131,30.467000000,0.658823529,0.980909764,20.1615101,3854.96184,16.3593799,0.00566802584,false,0.00135899726,0.0120012738,0.0332931781
132,30.617000000,0.663235294,0.84324554,26.0656791,3205.92932,6.78911422,0.00441329528,false,0.0010448296,0.0116901477,0.032420363
133,30.767000000,0.667647059,0.753305911,8.58380976,4868.34307,10.6385303,0.00303868284,false,0.000874400067,0.0126743879,0.0328598763
134,30.967000000,0.673529412,0.998211808,17.0758186,3113.58326,10.9281127,0.00496477545,false,0.00112237626,0.0131265573,0.0326365321
135,31.117000000,0.677941176,0.963219756,17.6249012,2919.57607,11.635756,0.00494335354,false,0.00062860251,0.0122471136,0.0317506511
136,31.317000000,0.683823529,0.831618081,13.4723461,4800.82933,19.3105625,0.00446883844,false,0.00157777116,0.013116623,0.0320473811
137,31.467000000,0.688235294,0.927282121,32.4451273,1824.06671,29.8965916,0.00393392044,false,0.00187750015,0.013360371,0.0320827868
138,31.667000000,0.694117647,1.02934891,13.9531789,5222.27901,12.6487922,0.005914337,false,0.00114415714,0.0130430383,0.0311658359
139,31.817000000,0.698529412,1.00831614,27.6723294,2030.61398,27.178787,0.00462218033,false,0.00107620766,0.012603939,0.0301092316
140,31.967000000,0.702941176,1.00535015,10.3188729,3955.07806,4.62330743,0.0043770085,false,0.00117267886,0.0122942118,0.0295303221
141,32.167000000,0.708823529,0.882110113,11.4220379,2984.65576,12.9424937,0.00607407665,false,0.00140449361,0.0116705677,0.0286115396
142,32.317000000,0.713235294,0.992539995,20.1432491,917.457314,1.87502835,0.00339548496,false,0.00168114242,0.0123439798,0.0286490579
143,32.517000000,0.719117647,1.07182263,11.6089334,4231.50705,6.0201532,0.00760347856,false,0.00166869271,0.0105204232,0.0271660962
144,32.667000000,0.723529412,0.958283532,28.5913851,1051.35607,21.0283821,0.00404597583,false,0.002004976,0.0104377321,0.0264302982
145,32.817000000,0.727941176,0.885463912,11.7490436,4060.44482,1.59968789,0.00456722315,false,0.00133687013,0.0106105194,0.0265929682
146,33.017000000,0.733823529,0.861095509,12.6980797,4292.93152,14.1696969,0.00424284543,false,0.00149151435,0.0116941707,0.0266438729
147,33.167000000,0.738235294,0.921656116,28.9735455,2239.94006,2.42853272,0.00439769518,false,0.00110934015,0.0116520799,0.0264763822
148,33.367000000,0.744117647,1.21140708,16.7981491,4924.91402,3.45366381,0.00500465723,false,0.00172296968,0.0121613497,0.0263339912
149,33.517000000,0.748529412,1.17203447,16.2463349,3634.65415,6.36760182,0.00659626276,false,0.00143844515,0.0100900331,0.024563505
150,33.717000000,0.754411765,1.07052742,10.5149708,4410.67199,7.86890374,0.00439461274,false,0.00132553716,0.0110211681,0.0248092234
151,33.867000000,0.758823529,1.08058515,31.1543744,3007.44359,22.8874176,0.00580789471,false,0.00130597955,0.00988050313,0.0235381009
152,34.017000000,0.763235294,0.934891687,26.0178861,5074.50788,14.7309975,0.00384160136,false,0.000594452038,0.0104801264,0.0238398794
153,34.217000000,0.769117647,0.876435836,26.6236583,4198.03006,34.6586327,0.00605783288,false,0.00127756915,0.00998666618,0.0231135468
154,34.367000000,0.773529412,0.906935296,18.6454863,5149.56492,4.40805041,0.00343100524,false,0.00101021611,0.0106215931,0.0230853642
155,34.567000000,0.779411765,1.10308993,29.0778941,3357.41653,14.7537143,0.00636166985,false,0.000486873438,0.0105682083,0.0227705679
156,34.717000000,0.783823529,1.16439711,7.34248222,6037.9297,4.55218971,0.00502105177,false,0.000401007015,0.00974896261,0.0217088535
157,34.867000000,0.788235294,1.07241082,24.3912203,1688.18043,12.4581627,0.00527728735,false,0.0011854894,0.00899575975,0.0206787014
158,35.067000000,0.794117647,0.953510941,17.0182604,2450.71435,16.8585761,0.00539099797,false,0.00081387043,0.00986722762,0.0211947675
159,35.217000000,0.798529412,0.968596366,12.2804795,2938.99611,13.0777804,0.00437574149,false,0.000636220644,0.00953794994,0.0204507019
160,35.417000000,0.804411765,0.944043241,17.2646773,3532.5518,18.4449574,0.00553566922,false,0.000289392644,0.00928496265,0.0199174421
161,35.567000000,0.808823529,1.00071286,26.913418,2958.446,12.0890686,0.00424788977,false,0.000599681023,0.0090232317,0.0191070182
162,35.767000000,0.814705882,1.22917449,27.6371612,6506.71381,9.06120131,0.00631020115,false,0.000863476338,0.0094104032,0.0192348716
163,35.917000000,0.819117647,0.913233072,46.5863508,4362.21936,6.84835167,0.00597552493,false,0.00183356742,0.00855282683,0.0180432353
164,36.067000000,0.823529412,0.819744557,12.1803951,7377.27485,15.7541795,0.00220080837,false,0.00136046853,0.00993295047,0.0190951646
165,36.267000000,0.829411765,1.07443845,13.3043065,4575.80626,3.27228509,0.00758687421,false,0.00135457292,0.00873266227,0.0175031282
166,36.417000000,0.833823529,1.02956742,27.1318654,3608.0142,8.88710761,0.00403778828,false,0.00130742888,0.00888290492,0.0172628365
167,36.617000000,0.839705882,0.781193664,6.4339262,7693.32728,5.57720858,0.00696102256,false,0.00233383367,0.00908474955,0.0170283003
168,36.767000000,0.844117647,0.868738324,43.3916843,2347.77896,46.8838786,0.00254675426,false,0.00239898015,0.00901809994,0.0163871933
169,36.917000000,0.848529412,1.01545708,14.3966129,5999.18833,5.40104624,0.0057561112,false,0.00235783346,0.00930407285,0.0164113263
170,37.117000000,0.854411765,0.935265008,19.333122,4122.0896,21.6856616,0.00386690246,false,0.00230263523,0.00892888393,0.015855913
171,37.267000000,0.858823529,0.99073417,30.8999594,6948.55671,28.6145088,0.00515684043,false,0.00335069962,0.00931621763,0.0155030739
172,37.467000000,0.864705882,1.13762911,44.1484629,5930.39732,18.2116916,0.00458231583,false,0.00380754673,0.00896697573,0.0148565651
173,37.617000000,0.869117647,1.30970012,15.1457763,11670.9205,8.74437097,0.00633869138,false,0.00236437189,0.00899489818,0.0149322798
174,37.817000000,0.875,0.999779478,99.8058165,6224.13183,51.286195,0.0068814337,false,0.00249995646,0.00866917888,0.0141535244
175,37.967000000,0.879411765,0.611889327,45.9522791,15383.658,122.712459,0.00390643783,false,0.00154261786,0.00762962126,0.0130761802
176,38.117000000,0.883823529,0.875238502,41.7571724,10460.9157,53.9155168,0.00286115817,false,0.00367899741,0.00806134164,0.0141008253
177,38.317000000,0.889705882,0.531147001,79.0123898,10029.4429,254.903389,0.0105907364,false,0.00254938939,0.00898642491,0.0142937239
178,38.467000000,0.894117647,0.436264376,55.5528895,17795.1385,270.569196,0.00324037279,false,0.00490556569,0.00789678096,0.0133197231
179,38.667000000,0.9,1.45263,69.1949059,13309.5903,15.4950208,0.00683181347,false,0.00379344929,0.00652880534,0.0117570737
180,38.817000000,0.904411765,1.23437419,54.0824416,12091.1733,27.4557079,0.00743311845,false,0.000719888537,0.00649234258,0.0112724206
181,38.967000000,0.908823529,1.15502628,48.3208032,7745.18625,21.9646894,0.00374100077,false,0.0016477003,0.00587466293,0.0107212977
182,39.167000000,0.914705882,0.753310803,91.6277223,11833.6951,38.4225749,0.00941935504,false,0.00361839943,0.00800114741,0.0119228734
183,39.317000000,0.919117647,0.302186028,44.3398542,19317.4718,454.650025,0.000861216365,false,0.00250271013,0.00799007432,0.0124766943
184,39.517000000,0.925,1.33464041,92.3715493,10221.4597,18.1723636,0.00381841763,false,0.00251513231,0.00802130246,0.0123898842
185,39.667000000,0.929411765,1.42858971,40.2277963,17582.0484,19.6180347,0.00849020578,false,0.00289456911,0.00657407595,0.0101937149
186,39.867000000,0.935294118,1.19197756,78.8571071,6818.1553,26.1434549,0.00503514894,false,0.00288608823,0.00837399856,0.0119985728
187,40.017000000,0.939705882,0.816230429,84.1299285,6311.53695,79.5270588,0.00647588599,false,0.00511096932,0.00945771302,0.0123633811
188,40.167000000,0.944117647,0.60825388,42.5949471,9422.96619,106.281638,0.00202337571,false,0.00145801099,0.00840560624,0.0117526563
189,40.367000000,0.95,0.627642866,53.2664168,9804.51948,122.799101,0.00694631068,false,0.0040119909,0.0120008036,0.0150340088
190,40.517000000,0.954411765,0.559404307,69.3051979,7912.28474,174.165791,0.00220466942,false,0.00228582439,0.011736774,0.014764358
191,40.717000000,0.960294118,1.09732177,52.9987219,16683.8479,43.0752343,0.00546641145,false,0.000306776877,0.0101870291,0.0130004117
192,40.867000000,0.964705882,0.789336485,108.684954,11561.7937,138.327085,0.0054729352,false,0.00300309397,0.00844726713,0.0109514379
193,41.017000000,0.969117647,0.487612792,68.8330771,15684.8427,201.308494,0.00328647067,false,0.000640042236,0.0119456475,0.0143366774
194,41.217000000,0.975,0.404626804,55.9983664,20037.4624,274.663694,0.00316935351,false,0.00305083658,0.0131458686,0.0153214548
195,41.367000000,0.979411765,0.664326707,133.881454,13835.746,253.586314,0.00218346281,false,0.00542770261,0.0139010206,0.015745393
196,41.567000000,0.985294118,1.41580405,95.3933389,31519.9433,34.3739001,0.00740098636,false,0.00260227649,0.014415492,0.0160054905
197,41.717000000,0.989705882,1.4395607,134.281586,55614.05,16.1733105,0.0078117326,false,0.00453450065,0.019038252,0.0203256266
198,41.917000000,0.995588235,0.611293468,523.164493,78615.463,752.953121,0.00934945164,false,0.00714634956,0.0233677671,0.0242414166
199,42.067000000,1,3.5565946,867.290985,92286.2447,11.5371902,0.00902618317,false,0.00455093974,0.0217647933,0.0222080755
