frame_index,timestamp_sec,tx_relative,ty_relative,tz_relative,qw,qx,qy,qz,roll_deg,pitch_deg,yaw_deg,vx_relative_per_source_s,vy_relative_per_source_s,vz_relative_per_source_s,angular_rate_proxy_deg_per_source_s,pose_valid,confidence,source_layer,coordinate_frame,pose_semantics,scale_status
0,8.067,-9.357041562907398e-06,-2.0410394085956796e-07,-4.631387895415173e-08,0.0007656604832934811,0.9999997068819602,9.101830823364182e-08,9.909175776716297e-08,179.9122617629611,-1.1347089895681505e-05,1.043862091849869e-05,-0.025940822767248937,0.027099504166206555,-0.08056358291985533,16.415197130976523,True,1.0,raw,official_glb_alignment,camera_pose_proxy,relative_only
1,8.217,-0.003900480456650257,0.004064721520990133,-0.01208458375185728,-0.01163066360728225,0.999777573529277,-0.017237803895466322,-0.003519836477310885,-178.67431836804863,0.4262318956800984,-1.9706193213885337,-0.018558761512395012,0.022002349886877604,-0.06428095451117402,10.408492562073661,True,1.0,raw,official_glb_alignment,camera_pose_proxy,relative_only
2,8.417,-0.0065049235709011555,0.007700618356466293,-0.02249838039278984,-0.013884628624366282,0.9995003002442816,-0.023567923359105368,-0.015840451006637044,-178.45151653496177,1.8520954704996206,-2.6765034808639383,-0.011115994836602904,0.013768466721688011,-0.052215161600283264,7.466900289035313,True,1.0,raw,official_glb_alignment,camera_pose_proxy,relative_only
3,8.567,-0.007791078649461269,0.008883684873580933,-0.030359890311956406,-0.01665106817303307,0.9993086852006179,-0.021465904853685557,-0.02537929353078993,-178.15291076678997,2.9485020020885786,-2.413593490670783,-0.011943159624934209,0.011275333485433045,-0.048835862960134285,10.27048766671071,True,1.0,raw,official_glb_alignment,camera_pose_proxy,relative_only
4,8.767,-0.010685029439628124,0.011646985076367855,-0.03959093242883682,-0.021559919610977356,0.9990041201140435,-0.004126157301811502,-0.03884472534920023,-177.54204252369783,4.461546140889151,-0.37752946113991265,-0.011639259755611432,0.0114838087132999,-0.049458454762186375,11.580049483651218,True,1.0,raw,official_glb_alignment,camera_pose_proxy,relative_only
5,8.917,-0.011864819563925266,0.012903017923235893,-0.04767034947872162,-0.038151683687309375,0.9981990276046333,-0.004181906804111333,-0.0461049018702985,-175.63524678956398,5.29955362285469,-0.27797326117340576,-0.01244670312319478,0.015843960323503974,-0.06702297500201607,10.824006482387922,True,1.0,raw,official_glb_alignment,camera_pose_proxy,relative_only
6,9.117,-0.015041375532746315,0.01719237118959427,-0.06304897367954254,-0.04173385471974092,0.99737529676957,-0.02851217302153438,-0.05184456339515083,-175.3685878904533,6.073076664570307,-3.0291433242414065,-0.017144650753055317,0.020056931035859264,-0.06915124399321426,9.234465249758507,True,1.0,raw,official_glb_alignment,camera_pose_proxy,relative_only
7,9.267,-0.01786544732749462,0.01992294378578663,-0.07187328487634659,-0.031459117699567885,0.9977045799551719,-0.030179586453472244,-0.05181783101921716,-176.56136018016718,6.044256427676298,-3.2836282488987822,-0.01709666724006341,0.018218805392583276,-0.06184846162796043,8.468299255623695,True,1.0,raw,official_glb_alignment,camera_pose_proxy,relative_only
8,9.417,-0.02017037570476532,0.022658012807369232,-0.0816035121679306,-0.030633862878380425,0.997154842477286,-0.04640630748983539,-0.05089441221201401,-176.75078246015923,5.989282362728004,-5.1590740723893145,-0.014511618231024002,0.016522577830723285,-0.05732698099953765,8.52221392277246,True,1.0,raw,official_glb_alignment,camera_pose_proxy,relative_only
9,9.617,-0.022944513708353043,0.025705846026539803,-0.09193772822618484,-0.046010653049047466,0.9962877590837518,-0.053038018248489575,-0.0498065209199485,-175.0165140627557,5.9766920088868885,-5.834281393812011,-0.016290423061166508,0.013296247592994158,-0.04745398248944969,6.977477464329787,True,1.0,raw,official_glb_alignment,camera_pose_proxy,relative_only
10,9.767,-0.02587202377617359,0.027311699464917183,-0.09821240603923798,-0.051795928875179205,0.9961393621561364,-0.050591656749620725,-0.04963906911346846,-174.3353425723326,5.9773754272150645,-5.518857846930921,-0.01652449901614872,0.012687726744583688,-0.05545215947287429,2.8255060928909774,True,1.0,raw,official_glb_alignment,camera_pose_proxy,relative_only
11,9.967,-0.02872808836400509,0.03014655038714409,-0.11134598404169083,-0.04421231110323822,0.9958915494031901,-0.06123308796749198,-0.04995800548649974,-175.27358661938905,6.022558801490908,-6.788108847485005,-0.0165939277836254,0.013652257621288244,-0.06346906934465656,5.36197318225892,True,1.0,raw,official_glb_alignment,camera_pose_proxy,relative_only
12,10.117,-0.031679898500442505,0.03208998963236809,-0.12042658030986786,-0.039502484439867154,0.996117983590269,-0.059986681349579594,-0.05089316802674544,-175.81341080831442,6.092300274827657,-6.669542090793091,-0.01865892981489506,0.017938713232676252,-0.059550876418749704,1.5144846377596335,True,1.0,raw,official_glb_alignment,camera_pose_proxy,relative_only
13,10.267,-0.03432576730847359,0.035528164356946945,-0.12921124696731567,-0.048135811148329245,0.9956864600880211,-0.06196596503429251,-0.049513998625103715,-174.82404989364838,6.002185592642359,-6.850809718232244,-0.018968944038663612,0.01851903540747508,-0.06552462066922876,5.471031073382045,True,1.0,raw,official_glb_alignment,camera_pose_proxy,relative_only
14,10.467,-0.03831902891397476,0.03857165202498436,-0.1433601975440979,-0.05031195300728324,0.9949157224382275,-0.0732645292203831,-0.04736793628530343,-174.62600642778975,5.832831921154183,-8.149217455113591,-0.018294123666626992,0.016207929168428628,-0.06574762719018092,8.46343081173402,True,1.0,raw,official_glb_alignment,camera_pose_proxy,relative_only
15,10.617,-0.04072871059179306,0.04120093956589699,-0.1522229164838791,-0.0656548749496897,0.9933825844756904,-0.08225259604272818,-0.045989006294660136,-172.90460139230325,5.864138080628675,-9.102763052667576,-0.017450047390801585,0.01941429717200145,-0.06275027990341193,8.066991482709,True,1.0,raw,official_glb_alignment,camera_pose_proxy,relative_only
16,10.817,-0.04442654550075531,0.04536665603518486,-0.16532279551029205,-0.0647770089063064,0.992309485513046,-0.09443186834262655,-0.04699410941072477,-173.08747537221114,6.055941556628995,-10.506121642895875,-0.01586596880640304,0.013584601027624961,-0.057257371289389535,5.571106956701651,True,1.0,raw,official_glb_alignment,camera_pose_proxy,relative_only
17,10.967,-0.04628179967403412,0.04595554992556572,-0.1722629964351654,-0.06491806410389968,0.9918833976021544,-0.09901174145443914,-0.04636427038537164,-173.0926762697768,6.017441431394737,-11.037494799364225,-0.014672907335417627,0.012996015804154545,-0.04475912877491547,2.3148955853366995,True,1.0,raw,official_glb_alignment,camera_pose_proxy,relative_only
18,11.167,-0.049562063068151474,0.04991526156663895,-0.18098849058151245,-0.06923954921329874,0.9924625147454381,-0.08945374181701947,-0.04713883457229584,-172.54588895560477,6.082163670047458,-9.904089752906467,-0.017705463937350698,0.02000828938824792,-0.05140768630164015,9.236462461506905,True,1.0,raw,official_glb_alignment,camera_pose_proxy,relative_only
19,11.317,-0.05247871205210686,0.052958451211452484,-0.19025568664073944,-0.09160483747621787,0.9904393236726634,-0.09297408375369774,-0.044657805856908185,-169.97221742415488,6.055712049973506,-10.193681309379818,-0.016709305346012077,0.014295168220996822,-0.05866761008898403,10.077523871107628,True,1.0,raw,official_glb_alignment,camera_pose_proxy,relative_only
20,11.467,-0.05457485467195511,0.054203812032938004,-0.1985887736082077,-0.09502632855320373,0.9898198821589912,-0.09628717638804081,-0.044219649791443216,-169.59431158756345,6.075484656790221,-10.558482826521427,-0.013962249670709897,0.014293278966631223,-0.05477964878082281,2.482344864745572,True,1.0,raw,official_glb_alignment,camera_pose_proxy,relative_only
21,11.667,-0.057365499436855316,0.05796109884977341,-0.2094285637140274,-0.08766880768652852,0.9901951686724318,-0.0989821259462802,-0.045058260505166654,-170.4654592960858,6.118679219123238,-10.906139732556639,-0.016226215021950874,0.01897030643054419,-0.05558716399329055,2.3240673077955036,True,1.0,raw,official_glb_alignment,camera_pose_proxy,relative_only
22,11.817,-0.06025402992963791,0.060843419283628464,-0.21804428100585938,-0.08942775604443333,0.9899628144339145,-0.10002910107766344,-0.04439010502955402,-170.26284296028174,6.072099636845026,-11.021853336587547,-0.01507822956357685,0.022033538137163456,-0.05394463028226586,3.43276294749535,True,1.0,raw,official_glb_alignment,camera_pose_proxy,relative_only
23,12.017,-0.06264287978410721,0.06567283719778061,-0.22830918431282043,-0.08087708548678393,0.9899953975891796,-0.10615510756422636,-0.04581596810537944,-171.2982078472832,6.1934800810272055,-11.768959360065734,-0.012675545045307718,0.019398704171180746,-0.054003085408892,4.749102898461849,True,1.0,raw,official_glb_alignment,camera_pose_proxy,relative_only
24,12.167,-0.0646904706954956,0.06763296574354172,-0.23694536089897156,-0.0790423830548026,0.9898387306259172,-0.10883448864940534,-0.04611554091966563,-171.52892286028904,6.228795091437963,-12.087381641223004,-0.013202155629793771,0.015882526834805767,-0.052616298198699826,2.3223797850314605,True,1.0,raw,official_glb_alignment,camera_pose_proxy,relative_only
25,12.317,-0.06660352647304535,0.07043759524822235,-0.24409407377243042,-0.07958756650827299,0.9902789271598672,-0.10685700056738782,-0.03993804089004412,-171.38548402297207,5.5151286229322345,-11.901746695269836,-0.014451571873256153,0.017672500440052596,-0.04403625215802878,6.210404821027716,True,1.0,raw,official_glb_alignment,camera_pose_proxy,relative_only
26,12.517,-0.06974852085113525,0.07381834089756012,-0.2523580491542816,-0.07287574271525998,0.9903283588255275,-0.11438481061810178,-0.029240091133537253,-172.06572365942878,4.277454702853697,-12.880372041512098,-0.01387202313968115,0.01762898904936656,-0.047257542610168506,6.736149509342145,True,1.0,raw,official_glb_alignment,camera_pose_proxy,relative_only
27,12.667,-0.07145873457193375,0.07660774141550064,-0.2606342136859894,-0.06803689254898841,0.9903355997754735,-0.11765707541452466,-0.027625960155831474,-172.61245954189113,4.0558014566535885,-13.288620805897834,-0.010856666735240347,0.020501443317958203,-0.05308415208544028,9.113936071281405,True,1.0,raw,official_glb_alignment,camera_pose_proxy,relative_only
28,12.867,-0.07354835420846939,0.08099384605884552,-0.2709375023841858,-0.045528018339743466,0.9917981827122018,-0.11649255944726063,-0.026325803088536166,-175.16179346193513,3.602101091462172,-13.245842340901573,-0.01363681895392283,0.01885209764753071,-0.05512995379311703,14.950358162424985,True,1.0,raw,official_glb_alignment,camera_pose_proxy,relative_only
29,13.017,-0.07623162120580673,0.08320597559213638,-0.2799296975135803,-0.022487982374698793,0.9926453535650664,-0.11608548262028356,-0.025954834216681707,-177.783156823801,3.253222930328973,-13.277420222478806,-0.014989056757518238,0.020162143877574396,-0.05576891558510922,16.339684754543562,True,1.0,raw,official_glb_alignment,camera_pose_proxy,relative_only
30,13.217,-0.07879452407360077,0.08805059641599655,-0.290456622838974,0.0025841122894439887,0.9915356764972524,-0.12682413580170293,-0.02767603972686351,179.3031312253249,3.1085664258890287,-14.596791565044391,-0.015887596777507174,0.020112799746649524,-0.04660563809531057,17.495750617001498,True,1.0,raw,official_glb_alignment,camera_pose_proxy,relative_only
31,13.367,-0.08179228007793427,0.09024545550346375,-0.2962416708469391,0.029358481381946352,0.9912035749379574,-0.1257568100884435,-0.028961652534656726,176.24060098346513,2.867689470261466,-14.555426946781862,-0.013331820567448981,0.012281710902849876,-0.04270275433858251,6.146984316427341,True,1.0,raw,official_glb_alignment,camera_pose_proxy,relative_only
32,13.517,-0.08279407024383545,0.0917351096868515,-0.3032674491405487,0.014808053591607492,0.9928032691708785,-0.11604293140118568,-0.02562085760204184,177.97193358777503,2.718914529535559,-13.381566603884492,-0.006751077515738358,0.013795346021652236,-0.05325794219970709,11.946914368235642,True,1.0,raw,official_glb_alignment,camera_pose_proxy,relative_only
33,13.717,-0.08415515720844269,0.09507382661104202,-0.31488195061683655,-0.002673258757546114,0.9935095975944247,-0.11164397018863033,-0.02161381724498646,-179.972144346019,2.4956751486925723,-12.822631268364148,-0.009758834327970192,0.019174963235855026,-0.06281648363385856,6.871609066361695,True,1.0,raw,official_glb_alignment,camera_pose_proxy,relative_only
34,13.867,-0.08620966225862503,0.09844634681940079,-0.3252532184123993,-0.005017648467145604,0.9930572120995341,-0.1160105839110507,-0.018808006847568164,-179.67880226665002,2.207525365291669,-13.320182858308888,-0.012722952025277286,0.01748949289321901,-0.05601772240230021,4.357265005273148,True,1.0,raw,official_glb_alignment,camera_pose_proxy,relative_only
35,14.067,-0.08860819041728973,0.10119514912366867,-0.3344881534576416,-0.0008251116205399713,0.9922362951600519,-0.1233553373790135,-0.01580868425828173,179.8702886267514,1.809441605681762,-14.175410463700057,-0.008558971541268494,0.013755687645503467,-0.0494784968239921,3.852221702116395,True,1.0,raw,official_glb_alignment,camera_pose_proxy,relative_only
36,14.217,-0.089205302298069,0.103260837495327,-0.3425706923007965,0.0023288406459014235,0.9921987708240041,-0.12380758922419667,-0.01441723021505945,179.53048498984649,1.6063749996647971,-14.231908732870032,-0.008345817526181519,0.012314096093177766,-0.051084359486897664,2.8205029995189097,True,1.0,raw,official_glb_alignment,camera_pose_proxy,relative_only
37,14.367,-0.0911119356751442,0.10488937795162201,-0.34981346130371094,0.005437644155698451,0.9926945987667687,-0.11970799312704317,-0.014066342339637161,179.1881735632788,1.525697914897575,-13.762881793847264,-0.012033092124121542,0.013088477509362371,-0.04930325916835245,1.1747877431435265,True,1.0,raw,official_glb_alignment,camera_pose_proxy,relative_only
38,14.567,-0.09341688454151154,0.10784180462360382,-0.35982683300971985,0.0031671275672564346,0.9926019485747319,-0.12068788087179942,-0.01287541841232067,179.4615207508418,1.4208439209242056,-13.871509486011373,-0.009401610919407445,0.013544708490371718,-0.051520211356026836,2.1411865321797245,True,1.0,raw,official_glb_alignment,camera_pose_proxy,relative_only
39,14.717,-0.0944024994969368,0.1096300259232521,-0.3678455352783203,0.0038817624499554223,0.9919446846071432,-0.12595160970523656,-0.012917686038026578,179.37212174186342,1.412451452652735,-14.48049002796177,-0.011010915040969859,0.016399153641292043,-0.059723258018493715,2.2430556149304937,True,1.0,raw,official_glb_alignment,camera_pose_proxy,relative_only
40,14.917,-0.09727070480585098,0.11358150839805603,-0.3807299733161926,0.0020207385553448944,0.9917668663627552,-0.12741374342238385,-0.01265454020447374,179.5854548428593,1.4088026736506547,-14.646641355069548,-0.008504220417567671,0.014259368181228652,-0.05948262555258621,2.558749189615835,True,1.0,raw,official_glb_alignment,camera_pose_proxy,relative_only
41,15.067,-0.09737897664308548,0.11462080478668213,-0.38866445422172546,-0.0031037843278283023,0.9916125121961413,-0.12876956990462526,-0.010648476204678676,-179.8043962151602,1.2558905775795268,-14.795764036838719,-0.005881360598972872,0.012990662029811327,-0.06223091057368694,6.919770194149824,True,1.0,raw,official_glb_alignment,camera_pose_proxy,relative_only
42,15.267,-0.09932918101549149,0.11812824010848999,-0.40251079201698303,-0.008238133232731164,0.9902763418831776,-0.13885726786268968,0.00188653889997555,-179.0350938175594,-0.08299527669756104,-15.964726052915308,-0.006817238671439041,0.017045523439134888,-0.06284185818263469,8.654834688250657,True,1.0,raw,official_glb_alignment,camera_pose_proxy,relative_only
43,15.417,-0.09976501017808914,0.12058673799037933,-0.4106591045856476,-0.002940048836000301,0.9897279326092857,-0.14243748927414618,0.01189693973544894,-179.47222888529302,-1.301409106769115,-16.385068355028036,-0.004585584004720041,0.016127551595369938,-0.06408274173736557,8.30484276705228,True,1.0,raw,official_glb_alignment,camera_pose_proxy,relative_only
44,15.567,-0.1007048562169075,0.12296650558710098,-0.42173561453819275,-0.001183577604755856,0.9888914612109175,-0.14718947114280903,0.020676959952811123,-179.5167240067647,-2.3237584365494053,-16.94163445547327,-0.008122005632945477,0.014553410666329534,-0.06618891443525049,8.869032430502218,True,1.0,raw,official_glb_alignment,camera_pose_proxy,relative_only
45,15.767,-0.10260771214962006,0.12568043172359467,-0.43382522463798523,-0.00637147850535053,0.9880772706292255,-0.14911725024370923,0.03777243978499771,-178.6293862101016,-4.171607923245454,-17.214159827546723,-0.007739684411457615,0.013868659734725966,-0.06608775683811739,10.791747763536733,True,1.0,raw,official_glb_alignment,camera_pose_proxy,relative_only
46,15.917,-0.10341374576091766,0.12782053649425507,-0.4448663294315338,-0.018250263351624673,0.9879213910127639,-0.14592438752220113,0.04882956269794565,-177.10413726857684,-5.229954570166847,-16.936924024219405,-0.007463736193520652,0.013289579323359843,-0.06267121859959168,16.04126147793265,True,1.0,raw,official_glb_alignment,camera_pose_proxy,relative_only
47,16.117,-0.1052200198173523,0.13033178448677063,-0.4557601511478424,-0.04844551964382019,0.9864262332898353,-0.14385415790600434,0.06262826164937192,-173.43771533965057,-6.293303581825891,-16.95548115392101,-0.008019336632319867,0.009175539016723641,-0.05946244512285511,13.241432869231618,True,1.0,raw,official_glb_alignment,camera_pose_proxy,relative_only
48,16.267,-0.10622051358222961,0.13103197515010834,-0.4656781852245331,-0.053915625593463946,0.9862919057618528,-0.14054898223188528,0.06758228716978491,-172.74794183639312,-6.785700853286459,-16.65088372653172,-0.0062144050995508685,0.014180044333140022,-0.06854563951492293,3.0334920125882614,True,1.0,raw,official_glb_alignment,camera_pose_proxy,relative_only
49,16.417,-0.10708434134721756,0.13458579778671265,-0.47632384300231934,-0.04709280520548679,0.9863795849605631,-0.14121011432553096,0.06998060933627204,-173.47978065360374,-7.166603406114319,-16.702964684360833,-0.0029286529336656725,0.02169694219316746,-0.07168778351375006,3.4598638116669487,True,1.0,raw,official_glb_alignment,camera_pose_proxy,relative_only
50,16.617,-0.1072455421090126,0.13862590491771698,-0.4907689094543457,-0.04422062078349223,0.9862220908474897,-0.1423123531521218,0.07181725671615541,-173.76700668011821,-7.415811095330534,-16.82659224248026,-0.0005635619163513218,0.01565571342195793,-0.05887567996978796,3.8863601102904015,True,1.0,raw,official_glb_alignment,camera_pose_proxy,relative_only
51,16.767,-0.10728158801794052,0.1400652974843979,-0.496930330991745,-0.057845325765980254,0.9857271935401646,-0.13926171233389242,0.07484646738684923,-172.1797048627446,-7.553108151239523,-16.59985359811141,-0.004136008875710649,0.01505553722381601,-0.05723646708897217,8.617822484906206,True,1.0,raw,official_glb_alignment,camera_pose_proxy,relative_only
52,16.967,-0.10869314521551132,0.14389534294605255,-0.5108016729354858,-0.06722201548380975,0.9844261784836015,-0.13888814876541242,0.0842400254213141,-170.94021227376984,-8.463740779797112,-16.73295652617914,-0.005042318786893552,0.014717834336417003,-0.0668432882853914,4.840495782791443,True,1.0,raw,official_glb_alignment,camera_pose_proxy,relative_only
53,17.117,-0.10904639959335327,0.14521653950214386,-0.5203254818916321,-0.0672024737437854,0.9839656551073924,-0.14143860091606192,0.08538465472614432,-170.8993458626745,-8.570201431007973,-17.043053350518896,-0.0028109337602342764,0.011039929730551538,-0.053752831050327625,0.45723243195980573,True,1.0,raw,official_glb_alignment,camera_pose_proxy,relative_only
54,17.317,-0.10967697203159332,0.1477593183517456,-0.5296151638031006,-0.06706851170018446,0.9842499814525875,-0.13944494830788068,0.08549207647680519,-170.93000728343347,-8.602959707597243,-16.811212399292994,0.0006390469414847276,0.01681783369609298,-0.06220987864903079,3.4231966553849755,True,1.0,raw,official_glb_alignment,camera_pose_proxy,relative_only
55,17.467,-0.10882273316383362,0.15110278129577637,-0.5420989394187927,-0.05689738336159499,0.9844105455100955,-0.14371545540431174,0.08393112374471812,-172.08639120876992,-8.562681239939598,-17.2053971904566,0.0008618334929148336,0.02339298526446019,-0.06900052229563379,3.940634744855488,True,1.0,raw,official_glb_alignment,camera_pose_proxy,relative_only
56,17.617,-0.10941842198371887,0.15477721393108368,-0.5503153204917908,-0.05830793380944491,0.9838241946213421,-0.14613267559959905,0.08564683330189982,-171.87155199360907,-8.712789375827894,-17.517615400439855,-0.0006501802376338387,0.020053173814501,-0.05609529359000047,3.8398009050796045,True,1.0,raw,official_glb_alignment,camera_pose_proxy,relative_only
57,17.817,-0.10905029624700546,0.15812139213085175,-0.561732292175293,-0.05312349089398291,0.9828229395420249,-0.15509568271145263,0.08474841254842819,-172.40278870591226,-8.633122760830803,-18.50965150319291,0.002247052533285972,0.013892054557800378,-0.05224892071315252,1.330860414012509,True,1.0,raw,official_glb_alignment,camera_pose_proxy,relative_only
58,17.967,-0.10863195359706879,0.15963943302631378,-0.568602442741394,-0.05574821780660854,0.9835806147698045,-0.1494207788161008,0.08446739796175977,-172.15801739754494,-8.598016047961803,-17.866521350736825,-0.0019044961248125272,0.014203659125736724,-0.05729317665100074,3.012637478222692,True,1.0,raw,official_glb_alignment,camera_pose_proxy,relative_only
59,18.167,-0.10971686989068985,0.16309267282485962,-0.5817849040031433,-0.06055703020137744,0.9827545404560838,-0.15561106114674414,0.07944530794782882,-171.6554816199345,-7.891857893344609,-18.571833702728966,-0.0014364932264600424,0.01635823931012828,-0.05475980894906158,3.7662250460726745,True,1.0,raw,official_glb_alignment,camera_pose_proxy,relative_only
60,18.317,-0.1091347262263298,0.1653648167848587,-0.5877683758735657,-0.06620519323998098,0.9834825672648274,-0.14848449709417286,0.07956925534986213,-171.06498550917266,-7.865555770665753,-17.78665588480372,0.002655113736788457,0.013823409875234099,-0.06172597408294736,4.148728200504358,True,1.0,raw,official_glb_alignment,camera_pose_proxy,relative_only
61,18.467,-0.10892033576965332,0.1672396957874298,-0.6003026962280273,-0.07050335977588629,0.983056055751043,-0.1503119725857692,0.07769413368388274,-170.5960239690682,-7.559769961709915,-18.009390636247726,0.0007963180541992155,0.013954426561083056,-0.059262343815394566,2.446959665146716,True,1.0,raw,official_glb_alignment,camera_pose_proxy,relative_only
62,18.667,-0.10885601490736008,0.1702488660812378,-0.6085101962089539,-0.06862668835499171,0.982709534806691,-0.15426082184592554,0.07599964926803071,-170.81370621053253,-7.365493730264484,-18.434945242401376,0.0037087925842829964,0.01870061670030859,-0.05415712084088985,3.9241195670302993,True,1.0,raw,official_glb_alignment,camera_pose_proxy,relative_only
63,18.817,-0.10762225836515427,0.17378491163253784,-0.6192576885223389,-0.06086925461765244,0.9836653001731088,-0.15379258892708686,0.07103063190443387,-171.79899313746373,-6.95087261055459,-18.271023407032853,0.005665974957602399,0.017643443175724683,-0.056372029440743925,3.7327167596563187,True,1.0,raw,official_glb_alignment,camera_pose_proxy,relative_only
64,19.017,-0.10687292367219925,0.1764240711927414,-0.6282404065132141,-0.0637390106677558,0.984193555188878,-0.151193843538977,0.06663937364414513,-171.57386535492628,-6.4247496191719184,-17.941009560761508,0.0026233281408037353,0.014821503843579914,-0.047485317502702795,2.6064088586758847,True,1.0,raw,official_glb_alignment,camera_pose_proxy,relative_only
65,19.167,-0.10670409351587296,0.17897243797779083,-0.6358775496482849,-0.061148216005329825,0.984348861602259,-0.15271967589913882,0.06320533944979828,-171.92463712208573,-6.070674932639504,-18.066932467994008,0.004012393099921074,0.014255855764661459,-0.047451938901628576,2.6549997070548343,True,1.0,raw,official_glb_alignment,camera_pose_proxy,relative_only
66,19.367,-0.10546858608722687,0.18141362071037292,-0.6448485851287842,-0.06021335267380485,0.9844968406451622,-0.15357229351592483,0.059631146087702036,-172.09391672594742,-5.676933420539269,-18.12491952924652,0.00315338373184206,0.012682037694113673,-0.04312872886657741,2.5524447498395104,True,1.0,raw,official_glb_alignment,camera_pose_proxy,relative_only
67,19.517,-0.10560040920972824,0.1834111511707306,-0.6509726047515869,-0.06377593531332335,0.9843159916830995,-0.15460510845421674,0.05614195429166447,-171.7493505323605,-5.209786125195774,-18.228887437973484,0.006707608699798568,0.014935433864593471,-0.0520821412404377,11.203355398570588,True,1.0,raw,official_glb_alignment,camera_pose_proxy,relative_only
68,19.667,-0.10345630347728729,0.18589425086975098,-0.6604732275009155,-0.08919302215993938,0.9826762973429223,-0.1526562621118757,0.05556946172504699,-168.87727467518428,-4.702491030874403,-18.118481883105428,0.010919868946075394,0.012081606047494023,-0.05882058824811639,11.530139802891076,True,1.0,raw,official_glb_alignment,camera_pose_proxy,relative_only
69,19.867,-0.10177845507860184,0.18763971328735352,-0.6715598106384277,-0.09875585149129465,0.9821833796949295,-0.1510383066411077,0.052445403747726015,-167.85423308574047,-4.197241110198267,-17.9314519924878,0.006252463374819112,0.013042858668736128,-0.06134084292820559,4.087596540015928,True,1.0,raw,official_glb_alignment,camera_pose_proxy,relative_only
70,20.017,-0.10126794129610062,0.1904592514038086,-0.6819425225257874,-0.09367625818751163,0.9834716414650412,-0.1483654314413322,0.04467647970992598,-168.58755770452862,-3.444373990629265,-17.502048463734127,0.007964053324290734,0.01824136291231439,-0.055310215268816604,6.458251179471685,True,1.0,raw,official_glb_alignment,camera_pose_proxy,relative_only
71,20.217,-0.0989910364151001,0.1940241903066635,-0.6909183859825134,-0.0881378859841006,0.9827778683666574,-0.15811033497337992,0.03715503300426995,-169.32848757095357,-2.588315660062312,-18.520761864401027,0.007067003420421027,0.013748705387115423,-0.03710031509399399,5.193573169644214,True,1.0,raw,official_glb_alignment,camera_pose_proxy,relative_only
72,20.367,-0.09879449009895325,0.195271298289299,-0.6949276328086853,-0.08577616272109384,0.9839118824214776,-0.1534608570242428,0.03177456372719569,-169.70817818098817,-2.074570502590036,-17.916856165904747,0.005140577753384896,0.011204630136489842,-0.04609644412994374,6.1251508944782636,True,1.0,raw,official_glb_alignment,camera_pose_proxy,relative_only
73,20.517,-0.09744886308908463,0.19738557934761047,-0.7047473192214966,-0.09577295522534174,0.983523775651478,-0.1513215823858279,0.024704300838421095,-168.70244989326312,-1.1236138479982571,-17.604629755445256,0.008046286446707638,0.014539020402090978,-0.049993991851806946,7.203549071694725,True,1.0,raw,official_glb_alignment,camera_pose_proxy,relative_only
74,20.717,-0.09597828984260559,0.20035995543003082,-0.7124255299568176,-0.10021844555042625,0.9832761881207867,-0.15129640604098837,0.015283931601259926,-168.3630481968638,0.015397052203410684,-17.4933906405209,0.006512637649263628,0.012854039669036813,-0.03815770149230942,5.806257632366875,True,1.0,raw,official_glb_alignment,camera_pose_proxy,relative_only
75,20.867,-0.09516943991184235,0.20188449323177338,-0.7181025147438049,-0.10124784854037192,0.9834149831839241,-0.1502728521736504,0.007868539566184706,-168.37386702407701,0.8568058932035726,-17.288769281217608,0.005129703453608901,0.015279735837663861,-0.04527415548052088,4.851359426203754,True,1.0,raw,official_glb_alignment,camera_pose_proxy,relative_only
76,21.067,-0.09418289363384247,0.2057078629732132,-0.728271484375,-0.09829166214621632,0.9835785872256771,-0.15136566242163918,0.000590036722151412,-168.83629292815408,1.638611656908304,-17.33739196760924,0.011613390275410314,0.01891144684382859,-0.04951868738446947,3.8448945545908217,True,1.0,raw,official_glb_alignment,camera_pose_proxy,relative_only
77,21.217,-0.09110475331544876,0.20850349962711334,-0.7354340553283691,-0.1013929529960621,0.9836267521058688,-0.14894093833006627,-0.0038050642251390428,-168.55231038193043,2.159912067530666,-17.004136187359833,0.008425925459180526,0.017333882195608885,-0.04344378198896118,4.793052823476303,True,1.0,raw,official_glb_alignment,camera_pose_proxy,relative_only
78,21.417,-0.09123381972312927,0.21177472174167633,-0.7434768080711365,-0.10954158539321743,0.9816994455286993,-0.15558730791774641,-0.007709042294176626,-167.70570626365273,2.8213807776264472,-17.707617620130844,0.0028576595442635555,0.00886912856783182,-0.03616741725376659,4.536804419323229,True,1.0,raw,official_glb_alignment,camera_pose_proxy,relative_only
79,21.567,-0.09010457247495651,0.2116076946258545,-0.7480926513671875,-0.11329762157191374,0.9820354330259787,-0.1505261660086078,-0.010579724683322668,-167.3103102963066,3.1464229141127813,-17.07896895716779,0.004630684852600142,0.007372250159581572,-0.04325946172078492,5.0513489462163745,True,1.0,raw,official_glb_alignment,camera_pose_proxy,relative_only
80,21.717,-0.08984461426734924,0.21398639678955078,-0.7564546465873718,-0.11758497413982955,0.9820265048409064,-0.14705383863504196,-0.013148619288277373,-166.85057200779033,3.4631876649783955,-16.63370855522919,0.007455434117998366,0.017250265393938268,-0.05009974752153649,4.040055765856693,True,1.0,raw,official_glb_alignment,camera_pose_proxy,relative_only
81,21.917,-0.08749517053365707,0.2176452875137329,-0.7656275629997253,-0.11511115385958222,0.9827771856289789,-0.143140525070169,-0.020229081712611986,-167.22921674462077,4.169971708281339,-16.10674321215946,0.01026583569390429,0.013870639460427363,-0.04827414240155881,3.679325974543519,True,1.0,raw,official_glb_alignment,camera_pose_proxy,relative_only
82,22.067,-0.08625157177448273,0.21884112060070038,-0.7733505964279175,-0.11468308749632398,0.9827032423363056,-0.14348999735540768,-0.02351058491335304,-167.32976325878855,4.537962574679419,-16.110668410741802,0.008695019142968366,0.007704368659428235,-0.04609704017639188,3.5279427446726426,True,1.0,raw,official_glb_alignment,camera_pose_proxy,relative_only
83,22.267,-0.08445191383361816,0.22034181654453278,-0.7817615270614624,-0.11743647777466418,0.9837382056919586,-0.13369174322207059,-0.024378969299184528,-166.9826859442618,4.552102604087453,-14.958753624170276,0.009942884956087344,0.009211727551051511,-0.03958361489432183,2.7657223820063646,True,1.0,raw,official_glb_alignment,camera_pose_proxy,relative_only
84,22.417,-0.08277156203985214,0.22206522524356842,-0.7872048616409302,-0.11668802951667985,0.9834028987278657,-0.1362764894167164,-0.027043686387054337,-167.11831268667711,4.8756424234100955,-15.228460690660796,0.008307546377181988,0.009240508079528786,-0.03571550051371248,2.3378026298027077,True,1.0,raw,official_glb_alignment,camera_pose_proxy,relative_only
85,22.567,-0.08195964992046356,0.22311396896839142,-0.7924761772155762,-0.11634612415870718,0.9832255339462203,-0.13745333880759728,-0.02894319332866892,-167.19050321294287,5.1003108001138555,-15.343667457228449,0.0008376794201987181,0.0065938489777701646,-0.03137418201991509,7.558484939106034,True,1.0,raw,official_glb_alignment,camera_pose_proxy,relative_only
86,22.767,-0.08247837424278259,0.22437307238578796,-0.7981858253479004,-0.09929515678711236,0.9873388793296802,-0.12029614999865501,-0.028831328414334036,-169.06121364109575,4.635829274424228,-13.44909686606156,0.002660793917519695,0.008175160203661205,-0.032246112823486196,11.829598980023794,True,1.0,raw,official_glb_alignment,camera_pose_proxy,relative_only
87,22.917,-0.08102837204933167,0.22597527503967285,-0.8037623167037964,-0.08992944829812657,0.9892912291660224,-0.11151288079169784,-0.02793627823300258,-170.08473306180088,4.320230309053032,-12.487536160719504,0.0071297585964202595,0.007211778845105823,-0.032744067055838315,7.559908601165787,True,1.0,raw,official_glb_alignment,camera_pose_proxy,relative_only
88,23.117,-0.07998295873403549,0.226897194981575,-0.8096462488174438,-0.07641719391451207,0.9898151229452837,-0.11660641758282027,-0.028798927784652935,-171.6645747745699,4.2916096467260845,-13.124797053039428,0.0037804884569985755,0.004764710153852219,-0.03205265317644411,4.793303837278587,True,1.0,raw,official_glb_alignment,camera_pose_proxy,relative_only
89,23.267,-0.07970520108938217,0.22764292359352112,-0.8149807453155518,-0.07540037468121318,0.9904935686815922,-0.11170872619171228,-0.027539687561077327,-171.7448952877668,4.0944902281163795,-12.573754515505739,0.0032532215118408403,0.003606208733149959,-0.03506268773760136,7.809089430600378,True,1.0,raw,official_glb_alignment,camera_pose_proxy,relative_only
90,23.467,-0.0788443312048912,0.2281593680381775,-0.8219181895256042,-0.075470014070094,0.9924492602109823,-0.0930741642304446,-0.026190510413847578,-171.64870631424375,3.7862315681764933,-10.438792359774757,0.0032862595149448807,0.004299495901380249,-0.0340107509068079,7.315009461326784,True,1.0,raw,official_glb_alignment,camera_pose_proxy,relative_only
91,23.617,-0.07855501025915146,0.2291477471590042,-0.8268845081329346,-0.05870504564735374,0.9931624829941825,-0.09620241869395654,-0.030448228615223675,-173.62500107964618,4.115955875976316,-10.836043821469492,-0.002079308032989497,0.003265341122945142,-0.033625960350036545,12.600295940002276,True,1.0,raw,official_glb_alignment,camera_pose_proxy,relative_only
92,23.767,-0.07946812361478806,0.22913897037506104,-0.8320059776306152,-0.04580718822407265,0.9952565032265107,-0.07892396271197825,-0.0337224317358794,-175.06099869268417,4.264192269148475,-8.884158804183176,-0.0009137179170336097,0.004649758338928251,-0.033653633935111116,13.812630839214025,True,1.0,raw,official_glb_alignment,camera_pose_proxy,relative_only
93,23.967,-0.07887481153011322,0.2307751625776291,-0.8386632800102234,-0.03174232804200458,0.996783120620417,-0.06289198338908084,-0.03821561830043736,-176.6369623747328,4.598799692163429,-7.085500471917393,0.0058556454522268875,0.0020886744771684835,-0.04118170057024258,5.612559194613608,True,1.0,raw,official_glb_alignment,camera_pose_proxy,relative_only
94,24.117,-0.07741864770650864,0.22987000644207,-0.8464195728302002,-0.04683573457387982,0.9963198239520725,-0.06211297271303397,-0.03598890089717144,-174.8867717796051,4.446668686136152,-6.936032043073949,0.002450751406805846,-0.005006321838923843,-0.03032037190028587,13.071026890850304,True,1.0,raw,official_glb_alignment,camera_pose_proxy,relative_only
95,24.317,-0.07801704853773117,0.22902294993400574,-0.8492754101753235,-0.053803319288545585,0.9975553045517709,-0.03214141341333931,-0.030911919027317488,-173.93937886793805,3.734393606873969,-3.4931218753192064,-0.003787172692162673,-0.0012116772787911624,-0.02828019005911708,7.996207341649678,True,1.0,raw,official_glb_alignment,camera_pose_proxy,relative_only
96,24.467,-0.07874415814876556,0.2294459193944931,-0.8563176393508911,-0.045988492070204355,0.997709043547493,-0.03813289223472028,-0.031742803128752065,-174.86252937227584,3.8329385650889485,-4.205589625458981,-0.004782651861508676,-0.001118878523508705,-0.049073894818623745,3.868393943345994,True,1.0,raw,official_glb_alignment,camera_pose_proxy,relative_only
97,24.617,-0.07945184409618378,0.22868728637695312,-0.8639975786209106,-0.04789567069219173,0.9974822388951776,-0.03884581594667032,-0.035017001599886056,-174.65906609869572,4.219566013633789,-4.263485736546927,-0.000620207616261071,-0.0018141099384852745,-0.04382542201450875,6.972310423568548,True,1.0,raw,official_glb_alignment,camera_pose_proxy,relative_only
98,24.817,-0.07896123081445694,0.22881098091602325,-0.8716565370559692,-0.057809075069912556,0.9971876230559792,-0.024093138423833146,-0.0411640127346411,-173.47020581008744,4.869244742432515,-2.490185619490296,0.001051447221211031,-0.0011385764394487724,-0.03568632262093702,4.965306710642242,True,1.0,raw,official_glb_alignment,camera_pose_proxy,relative_only
99,24.967,-0.07908383756875992,0.22828878462314606,-0.8764877915382385,-0.053350771958620286,0.9969926049966134,-0.03132816242557231,-0.04666890777083997,-174.03386471733666,5.531896586777258,-3.3110888318604634,-0.0012564659118652292,-0.001986750534602566,-0.035259893962315006,6.721150786377093,True,1.0,raw,official_glb_alignment,camera_pose_proxy,relative_only
100,25.167,-0.07940099388360977,0.22811561822891235,-0.8839974999427795,-0.04259091391844272,0.9972452923004025,-0.027913107481589164,-0.05393236010965972,-175.27139365909719,6.312160863726231,-2.9457229027169323,-0.008672752550670043,0.0008708238601684535,-0.04399435860770071,5.118598061819182,True,1.0,raw,official_glb_alignment,camera_pose_proxy,relative_only
101,25.317,-0.08211930096149445,0.22859357297420502,-0.8918858170509338,-0.04462559970182645,0.9967064979933469,-0.03223922611608418,-0.059542799804231585,-175.08061113630964,6.9827654602354805,-3.4049349607553703,-0.011527793748038227,0.006623736449650396,-0.05157964570181742,8.869430027052212,True,1.0,raw,official_glb_alignment,camera_pose_proxy,relative_only
102,25.517,-0.08343572169542313,0.23043392598628998,-0.9020503759384155,-0.02472174285154351,0.9965348277584922,-0.03919514812234784,-0.06907179495569454,-177.46146406023794,8.024865161457724,-4.326634659370522,-0.007829070091247527,0.00687245811734878,-0.050946984972272395,10.091037874950306,True,1.0,raw,official_glb_alignment,camera_pose_proxy,relative_only
103,25.667,-0.08485947549343109,0.2309989333152771,-0.9097172617912292,-0.021457385265748596,0.9961190362600949,-0.0442080389429661,-0.07302119904955139,-177.89719582568938,8.474706488838564,-4.926454173729205,-0.007894163330395998,0.001131147146224973,-0.048396587371826054,7.029561643770254,True,1.0,raw,official_glb_alignment,camera_pose_proxy,relative_only
104,25.817,-0.08580397069454193,0.23077327013015747,-0.9165693521499634,-0.013114840768071498,0.9959416716058397,-0.05112094568836122,-0.07290292602167328,-178.9185762911677,8.4273367657724,-5.797065506270915,-0.007452113287789526,0.001261149133954737,-0.04617503711155511,3.927210475695473,True,1.0,raw,official_glb_alignment,camera_pose_proxy,relative_only
105,26.017,-0.08746771514415741,0.23144033551216125,-0.9258785247802734,-0.023643832070481735,0.995821755858901,-0.05538694307769121,-0.0686460945693707,-177.71473223262777,8.009521773144613,-6.206932805820449,-0.005336446421486969,0.00042481081826346086,-0.03561428615025097,6.03732435949853,True,1.0,raw,official_glb_alignment,camera_pose_proxy,relative_only
106,26.167,-0.08767172694206238,0.23092195391654968,-0.9290343523025513,-0.02943152806009087,0.9961903908823347,-0.046991420323025446,-0.06730747867640079,-176.97279915781482,7.8666619141043785,-5.19321741097054,-0.005415103265217351,0.001966059207916252,-0.026365007672990964,3.180606370117217,True,1.0,raw,official_glb_alignment,camera_pose_proxy,relative_only
107,26.367,-0.08936300128698349,0.23212845623493195,-0.9351062774658203,-0.014580916297558463,0.9958078962535826,-0.05742303608694049,-0.06968949393915667,-178.78256338708562,8.07500106714555,-6.514651111460636,-0.012592588152204317,0.0038653612136841055,-0.03923586436680409,8.474868714241135,True,1.0,raw,official_glb_alignment,camera_pose_proxy,relative_only
108,26.517,-0.09207913279533386,0.2322748303413391,-0.9427669048309326,-0.009301592075692965,0.9957176573742587,-0.06014684591890872,-0.06958580389693668,-179.4125175618546,8.030171571671227,-6.872325855060942,-0.015587111314137739,0.004466474056243886,-0.0475563605626423,2.649672539391702,True,1.0,raw,official_glb_alignment,camera_pose_proxy,relative_only
109,26.667,-0.09403913468122482,0.23346839845180511,-0.949373185634613,-0.019181795882664773,0.99545023414181,-0.06311886938252889,-0.06875244273189789,-178.29230749943113,8.007384940574031,-7.136700976815628,-0.009306775672095124,0.00569616045270645,-0.048543385096958505,21.196288058496858,True,1.0,raw,official_glb_alignment,camera_pose_proxy,relative_only
110,26.867,-0.09533650428056717,0.23426848649978638,-0.9597570896148682,-0.07318619756111891,0.9934455962713723,-0.0606777940758912,-0.06346521127079283,-172.0109941319904,7.757464738081512,-6.447821716346898,-0.008549221924373135,0.0006303616932460278,-0.04788432802472825,23.82108307136832,True,1.0,raw,official_glb_alignment,camera_pose_proxy,relative_only
111,27.017,-0.0970313623547554,0.23368902504444122,-0.9661327004432678,-0.09110040657829345,0.9917898291641086,-0.06508364309651311,-0.061788106373182675,-169.9653638402913,7.725078230139798,-6.829777438047153,-0.008172392845153859,-0.003125156675066286,-0.038764647075108356,8.4419268064224,True,1.0,raw,official_glb_alignment,camera_pose_proxy,relative_only
112,27.217,-0.098196841776371,0.23317468166351318,-0.973324716091156,-0.06276254447733265,0.9924651740040629,-0.08250260475868783,-0.06532274954292616,-173.40024621128057,8.048844708191286,-9.03918758752725,-0.00870208655084879,0.005944286073957147,-0.03525069781712109,13.841828667897515,True,1.0,raw,official_glb_alignment,camera_pose_proxy,relative_only
113,27.367,-0.10007709264755249,0.23576952517032623,-0.9784704446792603,-0.052744606805158516,0.9935081515650457,-0.07717931178646575,-0.06482987782606968,-174.50843842871072,7.871949890912681,-8.505915575573377,-0.00953919121197288,0.006647450583321681,-0.03830058234078528,4.369942010731586,True,1.0,raw,official_glb_alignment,camera_pose_proxy,relative_only
114,27.567,-0.10153555870056152,0.23550128936767578,-0.9867299199104309,-0.05004598591033131,0.993656227359622,-0.07692224870308322,-0.06500514424387553,-174.81876661287203,7.867624763742988,-8.496723426310387,-0.0061974993773869485,-0.0015678150313241236,-0.03974301474435013,4.719026332085084,True,1.0,raw,official_glb_alignment,camera_pose_proxy,relative_only
115,27.717,-0.10224621742963791,0.2352207899093628,-0.9923804998397827,-0.04193677963477671,0.9933354758766343,-0.08512241016934918,-0.06542258146669015,-175.82144554518786,7.880802677152674,-9.507869719640318,-0.00956719120343524,0.002328455448150629,-0.037328998247782304,7.582991047390924,True,1.0,raw,official_glb_alignment,camera_pose_proxy,relative_only
116,27.867,-0.1044057160615921,0.23619982600212097,-0.9979286193847656,-0.035468386767502066,0.9932825827281019,-0.08823125988993441,-0.06593139743200749,-176.59532957085338,7.887928687733957,-9.917487163612305,-0.009867634092058415,0.003648953778403131,-0.04223653248378192,0.9523648008353558,True,1.0,raw,official_glb_alignment,camera_pose_proxy,relative_only
117,28.067,-0.10569988936185837,0.2364979237318039,-1.0071632862091064,-0.039609870936800705,0.9935367668407693,-0.08325853823289876,-0.06621002092796734,-176.08146740942578,7.94138156273509,-9.308304764828804,-0.012543393032891486,0.004716515541076689,-0.05563225064958879,3.4925805317910252,True,1.0,raw,official_glb_alignment,camera_pose_proxy,relative_only
118,28.217,-0.1087959036231041,0.2378506064414978,-1.0173999071121216,-0.04597761210211173,0.9928923246432352,-0.0879089843513717,-0.06574877428705887,-175.38157369853448,7.969538221919684,-9.797461683840487,-0.011883825063705396,0.007548885686056924,-0.04349367959158743,3.4146609040784566,True,1.0,raw,official_glb_alignment,camera_pose_proxy,relative_only
119,28.417,-0.10985922813415527,0.23914003372192383,-1.022386074066162,-0.044579153845202474,0.9925340132612813,-0.09293060274468569,-0.06521376108928081,-175.57771127317815,7.917049589127986,-10.391806760101026,-0.006862772362572779,0.0032593097005571506,-0.029429708208356466,8.900367532723882,True,1.0,raw,official_glb_alignment,camera_pose_proxy,relative_only
120,28.567,-0.11119787395000458,0.2389913648366928,-1.0277003049850464,-0.035237133628668746,0.9908608286918991,-0.11088220980985075,-0.06825172617101082,-176.83205509565275,8.225548515872779,-12.54238224146246,-0.01514866948127761,0.0067719320456187575,-0.04420598347981813,12.784332022378752,True,1.0,raw,official_glb_alignment,camera_pose_proxy,relative_only
121,28.717,-0.11440382897853851,0.24117161333560944,-1.0356478691101074,-0.030473904502590774,0.9898311158635608,-0.12058015953574282,-0.06903715187491474,-177.47018978254704,8.28049539459429,-13.707821734633452,-0.012276896408625962,0.006715825625828307,-0.05209786551339265,3.461799089973833,True,1.0,raw,official_glb_alignment,camera_pose_proxy,relative_only
122,28.917,-0.11549478769302368,0.24134190380573273,-1.0459345579147339,-0.038784714961740206,0.991700156041991,-0.10157196546509724,-0.0686271245440484,-176.35078688061583,8.279024811333063,-11.431721322870008,-0.004432967730930855,0.00361289296831402,-0.04852260862077966,2.1071629945886934,True,1.0,raw,official_glb_alignment,camera_pose_proxy,relative_only
123,29.067,-0.11595536768436432,0.24243612587451935,-1.0526307821273804,-0.03675685446870916,0.9896995537607374,-0.12020915335566093,-0.06850902411273094,-176.73913085285588,8.30506769039602,-13.613663943644374,-0.012574217149189618,0.0037186060632978394,-0.03746816090175106,16.206191236384416,True,1.0,raw,official_glb_alignment,camera_pose_proxy,relative_only
124,29.267,-0.11989576369524002,0.24264341592788696,-1.0590484142303467,0.0012639066146014858,0.9896076932357065,-0.12423674755286135,-0.07238954749312929,178.81383188480496,8.219191665778883,-14.396343731167363,-0.01879926238741186,-0.0019343835966927586,-0.03743444170270632,26.29043959872031,True,1.0,raw,official_glb_alignment,camera_pose_proxy,relative_only
125,29.417,-0.1225351095199585,0.24175909161567688,-1.0657328367233276,0.04246691884054205,0.9895165763702071,-0.11185589053761381,-0.08088118226641068,174.06988665992196,8.659739576140362,-13.34817849385747,-0.011100492307117961,0.008689718587057896,-0.040773664202008765,7.836887472312281,True,1.0,raw,official_glb_alignment,camera_pose_proxy,relative_only
126,29.617,-0.12378093600273132,0.24568481743335724,-1.0733191967010498,0.0191179082147848,0.9906574569357433,-0.10814080178820265,-0.08085713074121453,176.78669415264312,8.978776055545262,-12.711914209565016,-0.005220962422234703,0.01141279935836799,-0.031022684914725356,10.793354044070501,True,1.0,raw,official_glb_alignment,camera_pose_proxy,relative_only
127,29.767,-0.12436244636774063,0.24575357139110565,-1.0765907764434814,0.01026751165571991,0.9907060422349577,-0.11014689730062077,-0.07914402756110137,177.80855660316078,8.890992316026214,-12.858597614841791,-0.010976195335388158,0.005200356245040881,-0.043198267618815005,7.059022212704193,True,1.0,raw,official_glb_alignment,camera_pose_proxy,relative_only
128,29.917,-0.12707379460334778,0.2472449243068695,-1.0862786769866943,0.0034413641603854976,0.991719457815617,-0.10119428644675281,-0.07899614163455594,178.67655756007258,8.974074161843898,-11.756364259324128,-0.008581046547208478,0.003683354173387785,-0.05111387797764349,4.686063213370217,True,1.0,raw,official_glb_alignment,camera_pose_proxy,relative_only
129,30.117,-0.1273658126592636,0.24704274535179138,-1.0944806337356567,-0.0036805687865234665,0.9909404105254805,-0.109612882457314,-0.07751498049021828,179.4375413134675,8.883874671981742,-12.667917944730785,-0.005950246538434746,0.004982011658804787,-0.042069980076381394,3.7670338231460105,True,1.0,raw,official_glb_alignment,camera_pose_proxy,relative_only
130,30.267,-0.12915638089179993,0.24898862838745117,-1.1010031700134277,-0.005359851853319355,0.9909817316861464,-0.10958078671478103,-0.07693198707564117,179.63832003914138,8.83857060263603,-12.647988248361191,-0.012332839625222417,0.010465213230678077,-0.04660640444074387,2.1190526803683833,True,1.0,raw,official_glb_alignment,camera_pose_proxy,relative_only
131,30.467,-0.13168230652809143,0.2507055699825287,-1.110792875289917,-0.009858574609783111,0.9910488027123082,-0.10906115587042732,-0.07635930479889314,-179.83271951803877,8.829925771242618,-12.546912431667385,-0.00914437430245532,0.007448111261640246,-0.05056040627615772,2.674005699686904,True,1.0,raw,official_glb_alignment,camera_pose_proxy,relative_only
132,30.617,-0.1323569118976593,0.25159546732902527,-1.118699312210083,-0.007275222858928024,0.9901528815166428,-0.11758867363097619,-0.07561247377483317,179.8043596971861,8.71077918611169,-13.560135566429365,-0.0054841240247090525,0.0038025776545206618,-0.0443736712137857,1.8835342242072295,True,1.0,raw,official_glb_alignment,camera_pose_proxy,relative_only
133,30.767,-0.13332754373550415,0.2518463432788849,-1.1241049766540527,-0.008597621412668026,0.9907194318659814,-0.11327763607845098,-0.07462751097061716,-179.99255894470534,8.61636140508889,-13.045043664206217,-0.005081721714564763,0.004885622433253726,-0.04066331045968217,3.7863331925631876,True,1.0,raw,official_glb_alignment,camera_pose_proxy,relative_only
134,30.967,-0.13413551449775696,0.25330543518066406,-1.1329314708709717,-0.016199523512545225,0.9908474340818398,-0.1120178837801615,-0.07355903428413735,-179.09468983601434,8.592205585870804,-12.832091986686201,-0.008629943643297434,0.006081802504403226,-0.04990441458565828,2.2808887746723556,True,1.0,raw,official_glb_alignment,camera_pose_proxy,relative_only
135,31.117,-0.13634802401065826,0.253974974155426,-1.1415715217590332,-0.01512398897785868,0.9905319422955511,-0.11555198557543109,-0.07256359196715756,-179.2358100160702,8.467496487704993,-13.251128262561059,-0.012076071330479164,0.007212162017822236,-0.0464221409388949,2.2178227916277473,True,1.0,raw,official_glb_alignment,camera_pose_proxy,relative_only
136,31.317,-0.13836213946342468,0.25582969188690186,-1.149179220199585,-0.010857470465732127,0.9906810231528399,-0.11508735328582573,-0.07202865272647867,-179.71430722803785,8.349668974663038,-13.231836501058963,-0.012267019067491879,0.006434065955025848,-0.04096780504499188,1.1491160907921392,True,1.0,raw,official_glb_alignment,camera_pose_proxy,relative_only
137,31.467,-0.1406414806842804,0.25622689723968506,-1.1559102535247803,-0.013979229317715369,0.990999691814962,-0.11236465992971546,-0.0714029072882375,-179.32478475698625,8.317710380807702,-12.888630094360371,-0.006259679794311498,0.004032509667532768,-0.049666336604526864,1.741212032788165,True,1.0,raw,official_glb_alignment,camera_pose_proxy,relative_only
138,31.667,-0.14055302739143372,0.25724107027053833,-1.1665624380111694,-0.012297336590317315,0.9903241436715686,-0.11960564991934745,-0.06929180674025787,-179.5497124727336,8.058514515181173,-13.741282785551382,-0.00035413673945835513,0.0058092389787946196,-0.05414281572614375,3.5636337482652922,True,1.0,raw,official_glb_alignment,camera_pose_proxy,relative_only
139,31.817,-0.14076542854309082,0.2582601308822632,-1.1748602390289307,-0.010926715504997419,0.9900844109851245,-0.12195968003892872,-0.06884259188405228,-179.7196975191061,7.989127919661284,-14.025188253578072,-0.008785575628280723,0.008930067221323734,-0.05217393239339242,2.0084499275285905,True,1.0,raw,official_glb_alignment,camera_pose_proxy,relative_only
140,31.967,-0.1431887000799179,0.2599200904369354,-1.182214617729187,-0.012586056307790775,0.989854363178974,-0.12448149936175115,-0.06733711605656484,-179.5284943181302,7.841973775733554,-14.303162041352628,-0.011195966175624256,0.009963001523699038,-0.051678589412144045,1.2310907184592488,True,1.0,raw,official_glb_alignment,camera_pose_proxy,relative_only
141,32.167,-0.14468401670455933,0.26174718141555786,-1.1929477453231812,-0.011091934506088887,0.9901962348662228,-0.12302287851108987,-0.06522083109340543,-179.65787117497166,7.578935510452342,-14.141716251673847,-0.007444662707192527,0.008137481553213904,-0.04768133163452129,0.6487851376759046,True,1.0,raw,official_glb_alignment,camera_pose_proxy,relative_only
142,32.317,-0.1457943320274353,0.2627682089805603,-1.1989030838012695,-0.013525758525784961,0.9896293616505663,-0.1263063751047283,-0.06706325389733653,-179.43148245451485,7.825257625919924,-14.507789098763794,-0.0089351619992937,0.005820904459272088,-0.05578722272600424,2.8046706141797877,True,1.0,raw,official_glb_alignment,camera_pose_proxy,relative_only
143,32.517,-0.14781132340431213,0.2637844979763031,-1.2124732732772827,-0.0058171801034240835,0.9893841367903791,-0.12836320536766666,-0.06788282397587071,179.65783914436682,7.805912073424885,-14.80792641852935,-0.00840208360127037,0.008844392640250033,-0.05865131105695428,4.959143073489942,True,1.0,raw,official_glb_alignment,camera_pose_proxy,relative_only
144,32.667,-0.14873506128787994,0.2658637464046478,-1.2194310426712036,-0.0015547655669494625,0.9886808007220499,-0.13378152712869903,-0.06789963171292833,179.12724435087512,7.740007680453556,-15.471178313025643,-0.00846455494562793,0.004439751307169638,-0.050090551376343245,1.756741588030676,True,1.0,raw,official_glb_alignment,camera_pose_proxy,relative_only
145,32.817,-0.1503506898880005,0.265116423368454,-1.2275004386901855,-0.008908163999826971,0.988888610266995,-0.13211263203849963,-0.06757376380092642,179.98633219903152,7.816426611960631,-15.21991482632369,-0.0031286903790065093,0.002058744430541984,-0.04453216280255981,4.404737292322433,True,1.0,raw,official_glb_alignment,camera_pose_proxy,relative_only
146,33.017,-0.14983010292053223,0.2665843069553375,-1.2350172996520996,-0.011068193297128513,0.989766795454743,-0.12585311219543316,-0.0663338515624565,-179.69858097172758,7.706350395639951,-14.472734241282552,-0.00632954495293751,0.0074986900602067915,-0.04256657191685251,2.108755024189302,True,1.0,raw,official_glb_alignment,camera_pose_proxy,relative_only
147,33.167,-0.15256603062152863,0.26774096488952637,-1.242398738861084,-0.012706822107255223,0.9895104932962638,-0.12766517432969696,-0.06640123185519536,-179.52626632466402,7.738605275430841,-14.671168536949171,-0.008256605693272316,0.006176914487566367,-0.04679713930402559,1.8456928379926176,True,1.0,raw,official_glb_alignment,camera_pose_proxy,relative_only
148,33.367,-0.1527199149131775,0.2687462270259857,-1.2513962984085083,-0.009927864929209827,0.9890224450793689,-0.1308599060460478,-0.0679096872087755,-179.8921589755537,7.870048067897675,-15.066903350146932,-0.008765459060668909,0.009261880602155376,-0.058150632040841005,2.409316689255013,True,1.0,raw,official_glb_alignment,camera_pose_proxy,relative_only
149,33.517,-0.15563394129276276,0.27098262310028076,-1.2627514600753784,-0.012925084388106712,0.9884840348458545,-0.1348016149683487,-0.06753354463039107,-179.57514042448233,7.874072469203707,-15.502040854544237,-0.010628359658377468,0.010216661861964594,-0.05471740450177852,2.21197827747138,True,1.0,raw,official_glb_alignment,camera_pose_proxy,relative_only
150,33.717,-0.15643984079360962,0.27232205867767334,-1.2705473899841309,-0.014267343830697632,0.9883324534063808,-0.13633486076455165,-0.06639435355548845,-179.41605965442207,7.766117640557217,-15.668486071342835,-0.0031829306057521794,0.005661164011274158,-0.052228314535959275,2.601019334409391,True,1.0,raw,official_glb_alignment,camera_pose_proxy,relative_only
151,33.867,-0.156747967004776,0.2729640305042267,-1.2810313701629639,-0.012877099772665398,0.98952091261807,-0.12699519316920832,-0.0674889969169968,-179.5174503809058,7.864696604378004,-14.593562238762672,-0.008728255828221515,0.004851818084716728,-0.05662878354390382,4.364026488792991,True,1.0,raw,official_glb_alignment,camera_pose_proxy,relative_only
152,34.017,-0.1590583175420761,0.2737776041030884,-1.2875360250473022,-0.020427820288151554,0.9893687969077136,-0.12769435892455033,-0.06652998243278421,-178.6446645016679,7.866327979755719,-14.615427263030135,-0.01275292464664999,0.009928856577191994,-0.04833323614937899,7.953256449238101,True,1.0,raw,official_glb_alignment,camera_pose_proxy,relative_only
153,34.217,-0.16121149063110352,0.2764391303062439,-1.2979480028152466,-0.026192123413976216,0.9915530423570338,-0.10892536659615268,-0.06535901908284251,-177.8191820250753,7.777115186166122,-12.389732756969941,-0.005646603448050454,0.008795091084071711,-0.047437463487898374,5.659843291409907,True,1.0,raw,official_glb_alignment,camera_pose_proxy,relative_only
154,34.367,-0.16103462874889374,0.2768558859825134,-1.3041391372680664,-0.023499042635004137,0.9912419588309556,-0.11136911287278957,-0.06696338362221896,-178.1675367820843,7.931435203676534,-12.693903418836527,-0.000982114246913361,0.0016050679343087267,-0.050538608006068436,0.8780800906347986,True,1.0,raw,official_glb_alignment,camera_pose_proxy,relative_only
155,34.567,-0.1615552306175232,0.27700090408325195,-1.3156365156173706,-0.027428324735173797,0.9913767854042754,-0.11102526627225552,-0.0639777040294648,-177.676756198241,7.639661139611118,-12.624832284869202,-0.005808685507093133,0.007205775805882016,-0.057525634765624764,2.452670616747481,True,1.0,raw,official_glb_alignment,camera_pose_proxy,relative_only
156,34.717,-0.16306766867637634,0.27937790751457214,-1.3242731094360352,-0.029954427944707908,0.9910515682135742,-0.11358668049672808,-0.06338444132162763,-177.39941450359308,7.610575738775805,-12.903540081816734,-0.007328192392985096,0.013263324896494674,-0.06008108456929582,5.164752159791586,True,1.0,raw,official_glb_alignment,camera_pose_proxy,relative_only
157,34.867,-0.1637536883354187,0.2809799015522003,-1.3336608409881592,-0.036706244335231744,0.992121487942975,-0.10292455047470543,-0.06127105106165092,-176.51828555452863,7.419471480239002,-11.619754118730546,-0.006144089358193509,0.004844324929373586,-0.054373059953961835,5.583929854843362,True,1.0,raw,official_glb_alignment,camera_pose_proxy,relative_only
158,35.067,-0.16521809995174408,0.2810734212398529,-1.3433036804199219,-0.038621366829252254,0.9923589920445369,-0.1006225131346371,-0.06005939379531647,-176.2678231850676,7.294726661794281,-11.341706593629022,-0.005736606461661179,0.005276032856532484,-0.04955462047031928,3.6894962217505585,True,1.0,raw,official_glb_alignment,camera_pose_proxy,relative_only
159,35.217,-0.16576150059700012,0.2828265130519867,-1.351004958152771,-0.037934111151245786,0.9931354846138005,-0.09202065530307284,-0.06144193526956788,-176.29729970378736,7.4130681524187345,-10.347495854254275,-0.006399708134787397,0.012576750346592443,-0.049171788351876196,1.4362945404890042,True,1.0,raw,official_glb_alignment,camera_pose_proxy,relative_only
160,35.417,-0.16745799779891968,0.2854752838611603,-1.3605138063430786,-0.035869990032551584,0.992496542151691,-0.09847163486011834,-0.06298646489506152,-176.5994080420977,7.590500674189339,-11.106590426506722,-0.0027355125972202735,0.011237859725952103,-0.04871504647391163,2.5203809894960725,True,1.0,raw,official_glb_alignment,camera_pose_proxy,relative_only
161,35.567,-0.16671893000602722,0.28675976395606995,-1.3680552244186401,-0.0328125678931855,0.9927345879798012,-0.0960696906312068,-0.06459092628886604,-176.94917275433704,7.732476782549721,-10.848693314005441,-0.0026707989828927067,0.005206210272652741,-0.05377769470214822,2.035187107686307,True,1.0,raw,official_glb_alignment,camera_pose_proxy,relative_only
162,35.767,-0.16839277744293213,0.28729745745658875,-1.3793359994888306,-0.03225910903831595,0.9929008807135046,-0.09374533882307698,-0.06571911754845529,-177.00621078675468,7.848456333424112,-10.581839286620728,-0.007765591144561736,0.008220161710466623,-0.06224087306431336,3.1136881559175427,True,1.0,raw,official_glb_alignment,camera_pose_proxy,relative_only
163,35.917,-0.16943688690662384,0.2896368205547333,-1.38983952999115,-0.037398409916695664,0.9932771827145869,-0.08844981430580869,-0.06464075791282067,-176.3627104488473,7.760247359390621,-9.930578470421864,-0.008140901724497555,0.006917019685109522,-0.047408342361450646,6.565729047165602,True,1.0,raw,official_glb_alignment,camera_pose_proxy,relative_only
164,36.067,-0.17083504796028137,0.2893725633621216,-1.3935585021972656,-0.04657226529307475,0.9931329187192098,-0.08652774568465459,-0.06348999203391595,-175.28143926225417,7.710488327986886,-9.640606143016416,-0.005285654749189083,0.008231827190944093,-0.0487797600882392,5.214892657455845,True,1.0,raw,official_glb_alignment,camera_pose_proxy,relative_only
165,36.267,-0.17128686606884003,0.2925179600715637,-1.4069124460220337,-0.045416251393745916,0.9940875668139286,-0.07603858859602156,-0.06281247216618772,-175.32787795481207,7.572982329548314,-8.438782930505827,-0.002687190260205939,0.011862686702183267,-0.05878073828560942,1.7352040603234562,True,1.0,raw,official_glb_alignment,camera_pose_proxy,relative_only
166,36.417,-0.17177556455135345,0.29352450370788574,-1.414131760597229,-0.04430606471530747,0.9936771325156086,-0.08151830141981416,-0.06322575012310205,-175.5011390612865,7.635786758797905,-9.079365568566537,-0.006199606827327284,0.0075638294219971935,-0.0559793199811672,0.8771454573287537,True,1.0,raw,official_glb_alignment,camera_pose_proxy,relative_only
167,36.617,-0.17345672845840454,0.2951653003692627,-1.426505208015442,-0.04390412927577671,0.9943581712410281,-0.07371296651319416,-0.062375101495379656,-175.48091582147833,7.4995838363341925,-8.182967310691655,0.0027902637209210965,0.0069530521120343605,-0.04586594445364797,10.893525873206679,True,1.0,raw,official_glb_alignment,camera_pose_proxy,relative_only
168,36.767,-0.17079897224903107,0.2959580719470978,-1.4301848411560059,-0.0521788370794932,0.9954707073026893,-0.050611682637525045,-0.061269057801747,-174.34812416248224,7.311565279714895,-5.4596448535749635,0.0006703535715738837,0.006007254123687659,-0.045832395553588215,10.37806688031968,True,1.0,raw,official_glb_alignment,camera_pose_proxy,relative_only
169,36.917,-0.17325562238693237,0.296967476606369,-1.4402549266815186,-0.049336368012554865,0.995637766943356,-0.04806113908773504,-0.06294034268230951,-174.66480095638067,7.473862073387564,-5.1785240322467505,-0.007702282496861174,0.010220408439636397,-0.04735367638724268,3.6443926112761753,True,1.0,raw,official_glb_alignment,camera_pose_proxy,relative_only
170,37.117,-0.17349477112293243,0.29953521490097046,-1.4467586278915405,-0.04220537421291689,0.9956343904187254,-0.053604908637494994,-0.06369757274062127,-175.53281029618967,7.548409272056223,-5.868813990083138,0.0021798270089285624,0.00788382121494835,-0.04507984433855311,14.529658085745327,True,1.0,raw,official_glb_alignment,camera_pose_proxy,relative_only
171,37.267,-0.17249268293380737,0.29972681403160095,-1.4560328722000122,-0.0529266782904709,0.9968335539344373,-0.004802567297076798,-0.05914869248709928,-173.93285388011333,6.801569617961711,-0.19120316500923334,0.0024685263633727928,0.007800459861755339,-0.04904440471104193,42.8695006689457,True,1.0,raw,official_glb_alignment,camera_pose_proxy,relative_only
172,37.467,-0.17263078689575195,0.30226537585258484,-1.4639241695404053,-0.089880102377281,0.9922565419969613,0.06153723742534807,-0.05967990005804712,-169.2343015115327,6.163936905584419,7.67894593868947,-0.012294564928327487,0.012316107749939164,-0.0526537214006705,24.045892796613163,True,1.0,raw,official_glb_alignment,camera_pose_proxy,relative_only
173,37.617,-0.17679578065872192,0.3040374517440796,-1.4744616746902466,-0.09538551464932772,0.9923994537074969,0.04969336204573475,-0.05979546508503939,-168.67121781859836,6.269311807155555,6.355704137397752,-0.015248996870858266,0.013376218932015502,-0.06453241620744951,23.38862051209036,True,1.0,raw,official_glb_alignment,camera_pose_proxy,relative_only
174,37.817,-0.17796793580055237,0.3069470524787903,-1.4865105152130127,-0.06237569362083437,0.9965690486219184,-0.0006181331625551157,-0.054396894079696605,-172.81959080175426,6.228718048013906,0.3201157757026993,-0.005906224250793433,0.017588734626769947,-0.052179609026227466,27.622987910916475,True,1.0,raw,official_glb_alignment,camera_pose_proxy,relative_only
175,37.967,-0.17886295914649963,0.3101935088634491,-1.4927245378494263,-0.0518852292076515,0.9967369812662488,-0.016944844037048382,-0.05946583411401441,-174.1365189160249,6.909530220512972,-1.5936174239482432,-0.016524295012156326,0.02124677101771057,-0.01832365989685076,7.11643166664515,True,1.0,raw,official_glb_alignment,camera_pose_proxy,relative_only
176,38.117,-0.18292522430419922,0.3133210837841034,-1.4920076131820679,-0.048283630445763406,0.9967616821169772,-0.006564995727023289,-0.06396671732561483,-174.4791509361582,7.362880567906931,-0.3992308088514426,-0.022190724100385303,0.012750370161873902,-0.051530769893101076,4.09331620528476,True,1.0,raw,official_glb_alignment,camera_pose_proxy,relative_only
177,38.317,-0.18662971258163452,0.314656138420105,-1.5107603073120117,-0.0417243952125605,0.9968483440516306,-0.021374702301107912,-0.06399668668928986,-175.34637499761516,7.43340092078689,-2.1542637936843976,-0.0006080951009477863,0.010859710829598518,-0.04211493900844012,5.3833566206830215,True,1.0,raw,official_glb_alignment,camera_pose_proxy,relative_only
178,38.467,-0.18313805758953094,0.3171219825744629,-1.506747841835022,-0.047867420794215236,0.9968290613266524,-0.02222464476286595,-0.05955331801251002,-174.6367747445639,6.941543639846088,-2.2289151176855646,0.010007236685071632,0.015752656119210316,-0.022761821746826078,2.4277374877381868,True,1.0,raw,official_glb_alignment,camera_pose_proxy,relative_only
179,38.667,-0.18312717974185944,0.3201695680618286,-1.5187269449234009,-0.04125612684000815,0.996731941514087,-0.02861871545958279,-0.06327983793565907,-175.45293631232065,7.383353004160034,-2.995776587792305,-0.004834106990269232,0.011389000075203985,-0.07224696023123575,1.6192954908644424,True,1.0,raw,official_glb_alignment,camera_pose_proxy,relative_only
180,38.817,-0.18482999503612518,0.3211081326007843,-1.5320342779159546,-0.04760407098986202,0.9965707243839002,-0.020999571083077376,-0.06434020314288452,-174.66543422582174,7.4833719801571705,-2.0651771413493574,-0.010669628779093526,0.014559626579284807,-0.06315747896830301,14.183348556042139,True,1.0,raw,official_glb_alignment,camera_pose_proxy,relative_only
181,38.967,-0.18632806837558746,0.324537456035614,-1.5376741886138916,-0.03268837946124817,0.9952755967156965,-0.0631465883316542,-0.06610949109231157,-176.71811153675728,7.800409051537555,-7.036872945021819,-0.018983142716543937,0.019526992525373106,-0.06150245666503881,36.343187429456854,True,1.0,raw,official_glb_alignment,camera_pose_proxy,relative_only
182,39.167,-0.1914740949869156,0.3279425799846649,-1.5535601377487183,-0.02209936142676976,0.9899398737423595,-0.12449419777872686,-0.06349692369652017,-178.384743583019,7.540025335015323,-14.229258248777768,-0.018980843680245458,0.010215640068054158,-0.046520914350236975,14.040972918373225,True,1.0,raw,official_glb_alignment,camera_pose_proxy,relative_only
183,39.317,-0.1929713636636734,0.328112930059433,-1.5539565086364746,-0.02191072121862269,0.9924748339506644,-0.10267497734522743,-0.06301962628767377,-178.2344143727924,7.4459094112769275,-11.697977800639443,3.0398368835449097e-05,-0.001837781497410358,-0.02025468008858809,22.32960774404585,True,1.0,raw,official_glb_alignment,camera_pose_proxy,relative_only
184,39.517,-0.19146345555782318,0.3272993564605713,-1.5606492757797241,-0.028399458304023115,0.9958030663130697,-0.05827030715767127,-0.06460878572823406,-177.16478123573415,7.584309739747231,-6.5098265949533145,0.0011126058442251978,0.016315664563860147,-0.05872760500226678,11.960742688677884,True,1.0,raw,official_glb_alignment,camera_pose_proxy,relative_only
185,39.667,-0.19258195161819458,0.33382341265678406,-1.574511170387268,-0.036933630282937883,0.9944621770080205,-0.07196385417301021,-0.06709760910164837,-176.30620128493973,7.976552830216793,-8.02031765542443,-0.016077629157475324,0.02178456102098773,-0.06200313568115335,5.831092064315354,True,1.0,raw,official_glb_alignment,camera_pose_proxy,relative_only
186,39.867,-0.19709062576293945,0.33492395281791687,-1.5823503732681274,-0.03036398752434941,0.9945260127299833,-0.07602361852661585,-0.06493417968329047,-177.07775363622707,7.6877450676499715,-8.546227237269171,-0.019909100873129627,0.01170754432678218,-0.053988184247697885,3.343376184537189,True,1.0,raw,official_glb_alignment,camera_pose_proxy,relative_only
187,40.017,-0.19955013692378998,0.33792105317115784,-1.5934070348739624,-0.02746175900610426,0.9951953262519257,-0.06729207737334002,-0.06560404500786769,-177.3491714604015,7.716617549132307,-7.5577465896596285,-0.001732657353083268,0.0019384423891703013,-0.04335721333821553,2.6191136363712317,True,1.0,raw,official_glb_alignment,camera_pose_proxy,relative_only
188,40.167,-0.19761042296886444,0.33550548553466797,-1.5953575372695923,-0.027452882452791247,0.9949463432033868,-0.06975784648682026,-0.06679787604978753,-177.37845494668926,7.859867339862585,-7.841010457183059,-0.014583468437195062,-0.008343458175659315,-0.035276072365897616,9.599578916379523,True,1.0,raw,official_glb_alignment,camera_pose_proxy,relative_only
189,40.367,-0.20465435087680817,0.3350008428096771,-1.6057536602020264,-0.010118634543479742,0.9937189768532048,-0.08814509908905213,-0.06819567276137498,-179.5321587308096,7.89270806033988,-10.105719969062106,-0.013182248388017874,-0.007013082504272432,-0.03681932176862429,21.274843070516763,True,1.0,raw,official_glb_alignment,camera_pose_proxy,relative_only
190,40.517,-0.20222420990467072,0.3330509066581726,-1.6082442998886108,-0.00032771979340755355,0.9899236906872689,-0.12432915188016727,-0.06777345504393022,179.06307779988165,7.715981083740868,-14.380309245415203,0.008605718612670864,0.008919664791652099,-0.031318664550781125,10.010466957477972,True,1.0,raw,official_glb_alignment,camera_pose_proxy,relative_only
191,40.717,-0.20164234936237335,0.33812272548675537,-1.6167151927947998,0.0006748672635080681,0.9911782379562354,-0.11488341673267029,-0.06608362668601572,179.04512581796033,7.5184961978400215,-13.285579037224357,0.00640124082565318,0.02226165362766847,-0.05099024091448186,4.327741501172844,True,1.0,raw,official_glb_alignment,camera_pose_proxy,relative_only
192,40.867,-0.19998377561569214,0.34084248542785645,-1.6260908842086792,-0.002082849497490706,0.9908286380409017,-0.11306916726470562,-0.07395698202366505,179.2702944586695,8.45475725134351,-13.074316911259919,-0.010529657204945732,0.002172390619913706,-0.04060467084248803,7.956598863336637,True,1.0,raw,official_glb_alignment,camera_pose_proxy,relative_only
193,41.017,-0.20480124652385712,0.3387744426727295,-1.6288965940475464,-0.011072418773130938,0.9885487885225135,-0.12937128023444103,-0.0768880101425781,-179.88417971751286,8.909836978582605,-14.902816214622563,-0.016852702413286413,0.008934140205383264,-0.014227117810930466,19.03966446129008,True,1.0,raw,official_glb_alignment,camera_pose_proxy,relative_only
194,41.217,-0.2058822214603424,0.3439694344997406,-1.6310703754425049,-0.023010707740692547,0.9833625208250969,-0.1684600885408064,-0.0639520018029697,-178.62916798574346,7.673554686012687,-19.35004757169358,0.00596753188541967,0.016951816422598978,-0.012609277452741555,14.224327483570157,True,1.0,raw,official_glb_alignment,camera_pose_proxy,relative_only
195,41.367,-0.20271261036396027,0.34470757842063904,-1.6333098411560059,-0.020380348923691328,0.9828767090360222,-0.17101677631942472,-0.06550785013705672,-178.97883114419002,7.801588675722995,-19.671226586441648,-0.005157377038683189,0.002790774617876314,-0.04191228321620379,6.169409873718572,True,1.0,raw,official_glb_alignment,camera_pose_proxy,relative_only
196,41.567,-0.20768730342388153,0.3449462056159973,-1.6457396745681763,-0.004939312737507095,0.9830670776284302,-0.17072481114721402,-0.06639098531824415,179.25097398271416,7.597902894943954,-19.75381354460436,-0.026217869349888286,-0.030042018209184798,-0.05880832672119117,11.399614838268663,True,1.0,raw,official_glb_alignment,camera_pose_proxy,relative_only
197,41.717,-0.2118888646364212,0.3341928720474243,-1.6538927555084229,0.010260929553392454,0.9849197829357839,-0.15468078860682682,-0.07682179470956764,177.45128326663433,8.519863250437309,-18.04057555787294,-0.05047172307968119,-0.02156427928379595,-0.05108390535627072,11.290517413937176,True,1.0,raw,official_glb_alignment,camera_pose_proxy,relative_only
198,41.917,-0.22535240650177002,0.3373987078666687,-1.663619041442871,0.02192969754180457,0.9816131363867667,-0.168098890798981,-0.08773540762321845,175.7817407948788,9.489783762754268,-19.785299192944933,0.004242658615112287,0.01617074012756341,-0.010358265468052413,14.921969818888186,True,1.0,raw,official_glb_alignment,camera_pose_proxy,relative_only
199,42.067,-0.2104039341211319,0.33985263109207153,-1.6575181484222412,-0.03079266763716905,0.9852707829772903,-0.15817310860655323,-0.057223802257834466,-177.54132496091387,7.036581369172259,-18.08943708854694,0.09965648253758842,0.016359488169352367,0.040672620137532936,48.7513423917649,True,1.0,raw,official_glb_alignment,camera_pose_proxy,relative_only
