frame_index,timestamp_sec,x_rel,y_rel,z_rel,qw,qx,qy,qz,vx_relative,vy_relative,vz_relative,wx_proxy,wy_proxy,wz_proxy,innovation_norm,covariance_trace,pose_semantics,scale_status
0,8.067000000,-9.35704156e-06,-2.04103941e-07,-4.6313879e-08,0.999999911,-0.000382830276,0.000118875536,0.00012941996,-0.487478804,0.509252694,-1.51394732,5.62002146,-1.60181007,7.81389216,0,6.00004719,camera_pose_proxy,relative_only
1,8.217000000,-0.00390048046,0.00406472152,-0.0120845838,0.99977122,0.0120159124,-0.00340608098,0.0173644634,-0.487478804,0.509252694,-1.51394732,5.62002146,-1.60181007,7.81389216,3.49815378e-18,1.98576115,camera_pose_proxy,relative_only
2,8.417000000,-0.00683320331,0.00792728844,-0.0232224677,0.999361894,0.0177318409,-0.0138806719,0.0277256799,-0.34457165,0.410578383,-1.1987367,3.30501203,-2.7834979,5.24624317,0.0465791463,0.695028833,camera_pose_proxy,relative_only
3,8.567000000,-0.0083661276,0.00962823003,-0.0311397758,0.999134346,0.0199594249,-0.0233491416,0.0280534764,-0.286741005,0.335702101,-1.12030637,2.41080655,-3.34395815,3.42598468,0.0402956843,0.336977822,camera_pose_proxy,relative_only
4,8.767000000,-0.0109625507,0.0122355012,-0.040905791,0.998886342,0.0240084924,-0.0365061223,0.0178036713,-0.270624581,0.301525353,-1.04394893,1.92217494,-3.81475453,0.899013791,0.0694136267,0.168446851,camera_pose_proxy,relative_only
5,8.917000000,-0.012479757,0.013753297,-0.0484370751,0.998335405,0.0334352212,-0.0454347677,0.0120077904,-0.251465699,0.27503421,-1.02006096,2.429108,-3.90806397,0.0529543599,0.0371421137,0.100929134,camera_pose_proxy,relative_only
6,9.117000000,-0.0151013719,0.0169245822,-0.0610844465,0.997462244,0.0413698569,-0.0544308191,0.0198719108,-0.25012182,0.281032508,-1.06406509,2.53021847,-3.66986858,0.725954303,0.034745894,0.0623411349,camera_pose_proxy,relative_only
7,9.267000000,-0.0174113113,0.0194761723,-0.0705152443,0.997159063,0.0408779094,-0.0581109219,0.0250183933,-0.256933182,0.287733413,-1.08443367,2.07480982,-3.30484694,1.01874368,0.0412358431,0.0424169299,camera_pose_proxy,relative_only
8,9.417000000,-0.0197186528,0.0220934374,-0.0800521364,0.996792179,0.0402918477,-0.0601206101,0.0341677053,-0.261944124,0.293996223,-1.10164302,1.75047247,-2.90332567,1.5128777,0.0563701434,0.0305529961,camera_pose_proxy,relative_only
9,9.617000000,-0.0226592273,0.0253909764,-0.0918328899,0.996066441,0.0457813491,-0.0620677671,0.043626895,-0.264568489,0.296892725,-1.10260743,1.80790251,-2.48334158,1.80515385,0.047830489,0.0221723928,camera_pose_proxy,relative_only
10,9.767000000,-0.0251145995,0.0276206725,-0.0998783997,0.995617963,0.0505062057,-0.0619378164,0.0485561713,-0.269979451,0.294685454,-1.09070574,1.8691478,-2.16481273,1.84044744,0.0369164629,0.0168101525,camera_pose_proxy,relative_only
11,9.967000000,-0.0282101763,0.0305736893,-0.111444393,0.995058988,0.0525578137,-0.0627683938,0.0561730922,-0.273127235,0.292089374,-1.09010762,1.71809037,-1.86691474,1.94794994,0.0457869669,0.0128521601,camera_pose_proxy,relative_only
12,10.117000000,-0.030740987,0.0326835137,-0.12022214,0.994866448,0.0518448779,-0.0625169755,0.0603695946,-0.277745748,0.289169824,-1.09111327,1.51847483,-1.6462272,1.94418756,0.0460818292,0.0101483153,camera_pose_proxy,relative_only
13,10.267000000,-0.0332999261,0.0351258178,-0.129001478,0.994585894,0.0534829156,-0.0619745196,0.0640127877,-0.281958706,0.290822194,-1.09197476,1.45478601,-1.45700946,1.90913657,0.0364770523,0.00820414143,camera_pose_proxy,relative_only
14,10.467000000,-0.0367919262,0.0383063297,-0.141289267,0.99402713,0.055975216,-0.0616493199,0.0705422024,-0.287526704,0.291789591,-1.09952561,1.40088567,-1.26125879,1.93899455,0.0412451822,0.00665718094,camera_pose_proxy,relative_only
15,10.617000000,-0.0394562397,0.0407626221,-0.150550982,0.993399719,0.060569449,-0.0602729174,0.0765213355,-0.2914752,0.293149697,-1.10471365,1.4781982,-1.10198418,1.99051555,0.042477189,0.00550789112,camera_pose_proxy,relative_only
16,10.817000000,-0.0429672471,0.0442073861,-0.162968058,0.992457195,0.0648697509,-0.0598838769,0.0850561736,-0.295538823,0.296377848,-1.11127075,1.49816785,-0.966597582,2.07663334,0.0412028905,0.00457508932,camera_pose_proxy,relative_only
17,10.967000000,-0.0455207337,0.0464474366,-0.171924788,0.991764323,0.0675002937,-0.0588167553,0.0915850835,-0.297374129,0.295191667,-1.11208634,1.49310411,-0.852015499,2.13537109,0.0371349501,0.00386093305,camera_pose_proxy,relative_only
18,11.167000000,-0.0488593896,0.0496537745,-0.183211006,0.991075227,0.0713036307,-0.0584956056,0.0962494229,-0.298910559,0.29576342,-1.1072267,1.48489719,-0.764232426,2.07624434,0.0335465101,0.00327015667,camera_pose_proxy,relative_only
19,11.317000000,-0.0514740111,0.0521895954,-0.191716543,0.990351726,0.0776994216,-0.0572868083,0.099420727,-0.300841444,0.297241047,-1.10441915,1.58951782,-0.68999053,2.01999543,0.0495217764,0.00280589893,camera_pose_proxy,relative_only
20,11.467000000,-0.0539975217,0.0544996262,-0.200192791,0.989608702,0.0835746748,-0.056233687,0.102604403,-0.30182886,0.296735115,-1.10167579,1.66743606,-0.626586973,1.97147584,0.0437358686,0.00243329249,camera_pose_proxy,relative_only
21,11.667000000,-0.057236484,0.0577096581,-0.21149171,0.988776422,0.0882518737,-0.0558026594,0.106859053,-0.302032574,0.297132137,-1.09841811,1.66982223,-0.568797253,1.92134738,0.0323825004,0.0021146816,camera_pose_proxy,relative_only
22,11.817000000,-0.0597454755,0.0602046573,-0.219901152,0.988256254,0.091474132,-0.0549672588,0.109364802,-0.302753589,0.298037758,-1.09578548,1.66406334,-0.517695822,1.86909782,0.0341487531,0.00185453597,camera_pose_proxy,relative_only
23,12.017000000,-0.0629161428,0.0637407209,-0.231047433,0.987576634,0.0938145702,-0.0547425432,0.113553827,-0.302393992,0.300580305,-1.09218211,1.60705236,-0.47120664,1.832767,0.0410462847,0.00162987056,camera_pose_proxy,relative_only
24,12.167000000,-0.0652337654,0.0663644417,-0.239341432,0.987208233,0.0945438462,-0.0542869567,0.116336979,-0.301746777,0.30209147,-1.08932773,1.54418417,-0.43093545,1.80016674,0.0445570692,0.00144366386,camera_pose_proxy,relative_only
25,12.317000000,-0.067493605,0.0690137267,-0.247472083,0.986959235,0.0952550667,-0.0530091194,0.118439746,-0.300779642,0.303638607,-1.08565727,1.48747813,-0.376422549,1.75238604,0.0547353662,0.00128745872,camera_pose_proxy,relative_only
26,12.517000000,-0.0705614464,0.072466926,-0.258087069,0.986559315,0.0957536499,-0.0505691115,0.122371243,-0.299950924,0.305016274,-1.07981696,1.41259763,-0.290500769,1.71868769,0.0751629615,0.00114986421,camera_pose_proxy,relative_only
27,12.667000000,-0.0727543943,0.0751310382,-0.26588978,0.986453352,0.0946521491,-0.0480096887,0.125083274,-0.298739454,0.306397025,-1.07490289,1.33139225,-0.212876343,1.69036647,0.0792694697,0.00103301801,camera_pose_proxy,relative_only
28,12.867000000,-0.0756181832,0.0787362601,-0.27648397,0.986448377,0.091435972,-0.0456584608,0.128352516,-0.296917569,0.308384175,-1.07002083,1.1931556,-0.135970726,1.65226944,0.117925909,0.000929461881,camera_pose_proxy,relative_only
29,13.017000000,-0.0777658733,0.0814520133,-0.284380068,0.986904035,0.0849418366,-0.0434227815,0.130076022,-0.295672391,0.309807666,-1.06640897,1.01685307,-0.0641681923,1.61341938,0.151661239,0.000840639229,camera_pose_proxy,relative_only
30,13.217000000,-0.0806487628,0.0851605775,-0.295072708,0.987150217,0.0765435987,-0.0416458612,0.133944572,-0.294251028,0.312023005,-1.06287052,0.804764457,0.00253945579,1.59873526,0.183742886,0.000761452431,camera_pose_proxy,relative_only
31,13.367000000,-0.0828535581,0.0879610561,-0.302682958,0.987705277,0.0653881402,-0.0401702205,0.136194827,-0.293497284,0.313645438,-1.05829577,0.567476441,0.0628318171,1.57916025,0.217334287,0.000692895319,camera_pose_proxy,relative_only
32,13.517000000,-0.0849204256,0.0906105193,-0.310227448,0.988165176,0.0571985162,-0.0384347184,0.137042645,-0.292091673,0.31438884,-1.05369492,0.399925653,0.114319792,1.53312152,0.17143826,0.000633215743,camera_pose_proxy,relative_only
33,13.717000000,-0.0875901187,0.0940831266,-0.32069841,0.98837359,0.0519137197,-0.036319264,0.138215498,-0.289932573,0.31501156,-1.05003889,0.292063116,0.160167611,1.47438224,0.130238166,0.000579369798,camera_pose_proxy,relative_only
34,13.867000000,-0.0895012446,0.0967993217,-0.328662406,0.98861149,0.0472681467,-0.0341664743,0.138728859,-0.287999962,0.315978591,-1.04803723,0.206701571,0.202928226,1.42714796,0.112743485,0.000532010037,camera_pose_proxy,relative_only
35,14.067000000,-0.0921401342,0.100273468,-0.339242709,0.988601237,0.0426527352,-0.0317625867,0.140852676,-0.286023643,0.316494323,-1.04537679,0.127003953,0.245502528,1.39265732,0.10728075,0.000489119347,camera_pose_proxy,relative_only
36,14.217000000,-0.0938813287,0.102847652,-0.347066097,0.988709933,0.0381227597,-0.0295610448,0.141864257,-0.283571299,0.316711018,-1.04301917,0.0547800799,0.283680576,1.3592625,0.104027395,0.000451137021,camera_pose_proxy,relative_only
37,14.367000000,-0.0956396939,0.105326874,-0.354831754,0.988855815,0.0337454494,-0.0275338666,0.142363298,-0.281338277,0.316495252,-1.04054423,-0.0114729741,0.316212924,1.31967439,0.104592284,0.000417439379,camera_pose_proxy,relative_only
38,14.567000000,-0.0981162421,0.108610594,-0.365302859,0.988841071,0.029882213,-0.0253696297,0.143724635,-0.279118734,0.316132147,-1.03795786,-0.0646657056,0.344414364,1.28087056,0.0933330838,0.000386670336,camera_pose_proxy,relative_only
39,14.717000000,-0.0997737404,0.110989607,-0.373036647,0.988859114,0.026392518,-0.0235859396,0.144584893,-0.2767268,0.315526695,-1.03564614,-0.110521394,0.367770963,1.25139497,0.0817165245,0.000359091847,camera_pose_proxy,relative_only
40,14.917000000,-0.102201702,0.114274975,-0.383742861,0.988730964,0.023226009,-0.0217062234,0.146289003,-0.27462034,0.315230455,-1.03435907,-0.147098167,0.386717276,1.22262083,0.0720757387,0.000333849089,camera_pose_proxy,relative_only
41,15.067000000,-0.103748722,0.116591612,-0.39169261,0.988692523,0.0209572564,-0.0200190469,0.147129625,-0.272048234,0.314434642,-1.0331363,-0.170854488,0.403593684,1.19593647,0.0598660008,0.000311101322,camera_pose_proxy,relative_only
42,15.267000000,-0.105978906,0.119773513,-0.402672,0.988417811,0.0191640933,-0.0170915096,0.149568879,-0.269468133,0.313796274,-1.03307375,-0.181743644,0.431916886,1.18064411,0.0535470883,0.000290232488,camera_pose_proxy,relative_only
43,15.417000000,-0.1073922,0.122129113,-0.410895296,0.98823899,0.0172389474,-0.0137752073,0.151316757,-0.266664046,0.31322923,-1.03298692,-0.195000538,0.468276039,1.16854711,0.0672042221,0.000271327338,camera_pose_proxy,relative_only
44,15.567000000,-0.108765676,0.124486931,-0.419362989,0.988006516,0.0153360701,-0.00999053296,0.153323576,-0.263849372,0.312698328,-1.03381539,-0.206283448,0.509078112,1.16049351,0.0749984894,0.000254245505,camera_pose_proxy,relative_only
45,15.767000000,-0.110813315,0.127633892,-0.430659155,0.987634187,0.0138210922,-0.00471968004,0.15609425,-0.261086435,0.312040572,-1.03488145,-0.206729118,0.561351122,1.15154079,0.0955921003,0.000238492854,camera_pose_proxy,relative_only
46,15.917000000,-0.112115414,0.129934668,-0.439410024,0.987408599,0.0136175795,0.000719144559,0.15760172,-0.258298193,0.311363149,-1.03662979,-0.192221452,0.615230118,1.13753797,0.108709248,0.000224087234,camera_pose_proxy,relative_only
47,16.117000000,-0.114076901,0.13301029,-0.450876931,0.987032917,0.0157197908,0.00729200583,0.159579874,-0.255558006,0.310534459,-1.03814059,-0.145747606,0.670088272,1.11979197,0.14475104,0.000210785212,camera_pose_proxy,relative_only
48,16.267000000,-0.115330548,0.135134911,-0.459681098,0.986795425,0.0182916852,0.0133438803,0.160381249,-0.252870793,0.309324204,-1.03990957,-0.0983965283,0.720573834,1.09867836,0.148063737,0.000198566242,camera_pose_proxy,relative_only
49,16.417000000,-0.116554528,0.137370377,-0.468627463,0.986535715,0.0201471616,0.0191031112,0.161172102,-0.250202438,0.308539611,-1.04207813,-0.0622845952,0.766744165,1.07834745,0.132694875,0.000187410193,camera_pose_proxy,relative_only
50,16.617000000,-0.11829871,0.140498479,-0.480566149,0.986120893,0.0215765952,0.0251170542,0.162693478,-0.247186799,0.308028716,-1.04486175,-0.0319866677,0.807961434,1.05830593,0.121465317,0.000177073794,camera_pose_proxy,relative_only
51,16.767000000,-0.119300014,0.142740868,-0.489506639,0.98584012,0.0240384786,0.0304091036,0.16314624,-0.244049742,0.307330337,-1.04679949,0.0072123699,0.84343807,1.03630351,0.132004652,0.000167500979,camera_pose_proxy,relative_only
52,16.967000000,-0.120917976,0.145854756,-0.501400749,0.985373247,0.0269987762,0.036605825,0.164227416,-0.240956724,0.306834584,-1.04917802,0.0516652345,0.879602103,1.01402363,0.146170051,0.000158626769,camera_pose_proxy,relative_only
53,17.117000000,-0.121843111,0.148080544,-0.510538846,0.98500209,0.0298181683,0.0418743848,0.164706696,-0.237854444,0.306140269,-1.05155058,0.0912589962,0.911068471,0.994559808,0.134319191,0.000150374855,camera_pose_proxy,relative_only
54,17.317000000,-0.123319905,0.1510819,-0.522296134,0.984505717,0.0324652713,0.0474180448,0.165668428,-0.234645133,0.305358678,-1.05327228,0.126803604,0.937236589,0.973241571,0.125217287,0.000142722254,camera_pose_proxy,relative_only
55,17.467000000,-0.124046131,0.153350034,-0.531501761,0.984137208,0.0342335455,0.0518488779,0.166173749,-0.23120878,0.304851409,-1.05566436,0.150475932,0.959175403,0.955475375,0.0982858677,0.000135577311,camera_pose_proxy,relative_only
56,17.617000000,-0.124764016,0.155714523,-0.540639256,0.983734435,0.0359837093,0.0560882332,0.166810804,-0.227879951,0.304648084,-1.05776333,0.172635953,0.978363305,0.939893872,0.0920767284,0.000128983547,camera_pose_proxy,relative_only
57,17.817000000,-0.125956887,0.158900084,-0.552565123,0.983101034,0.037334201,0.0606604923,0.168638128,-0.224313139,0.304483802,-1.05969735,0.188389974,0.993920088,0.930024984,0.0696023105,0.000122859248,camera_pose_proxy,relative_only
58,17.967000000,-0.126477514,0.161218175,-0.561527239,0.982701948,0.0387324919,0.0642499592,0.169318096,-0.220690521,0.30416332,-1.0611336,0.204250599,1.00570096,0.916028374,0.0720972486,0.000117098441,camera_pose_proxy,relative_only
59,18.167000000,-0.127566166,0.164365482,-0.573411847,0.982096028,0.0404376854,0.06796722,0.170975561,-0.217163442,0.303911809,-1.06278814,0.22063572,1.01078553,0.90602257,0.0611241702,0.00011174958,camera_pose_proxy,relative_only
60,18.317000000,-0.12799871,0.166699319,-0.582274064,0.981737564,0.042337552,0.0707711162,0.1714361,-0.21357233,0.303657762,-1.06383409,0.238974761,1.01314846,0.891462135,0.0746319936,0.000106698436,camera_pose_proxy,relative_only
61,18.467000000,-0.128390673,0.169004186,-0.591368153,0.981366912,0.0443917814,0.0732763148,0.171985277,-0.209997047,0.303333753,-1.06547471,0.25758185,1.0123395,0.87852444,0.07465496,0.000102006732,camera_pose_proxy,relative_only
62,18.667000000,-0.129259625,0.17210805,-0.603071933,0.980815863,0.0463254103,0.0762063381,0.173340107,-0.206342818,0.303000779,-1.06644869,0.272704716,1.00907765,0.867526414,0.0643822323,9.76495315e-05,camera_pose_proxy,relative_only
63,18.817000000,-0.12947541,0.17448105,-0.612056139,0.980506724,0.0475683794,0.0779592485,0.173971745,-0.202563533,0.302880389,-1.06769413,0.281145471,1.00270049,0.85589941,0.0557921862,9.3505034e-05,camera_pose_proxy,relative_only
64,19.017000000,-0.130119336,0.177626365,-0.623713853,0.980087268,0.049039747,0.0800158863,0.174990021,-0.198639431,0.302677436,-1.06845823,0.289685707,0.99233838,0.842603084,0.0681258036,8.96599101e-05,camera_pose_proxy,relative_only
65,19.167000000,-0.130208584,0.179978342,-0.632459999,0.97986424,0.0501538637,0.0810579427,0.175443073,-0.194804134,0.3025133,-1.06901588,0.295306369,0.980142048,0.830306944,0.0678731971,8.59879732e-05,camera_pose_proxy,relative_only
66,19.367000000,-0.130687371,0.183091839,-0.643897509,0.979499807,0.0512844149,0.0824826116,0.176484149,-0.190784374,0.302245799,-1.06916748,0.299135487,0.965608372,0.818220456,0.0735712084,8.25854207e-05,camera_pose_proxy,relative_only
67,19.517000000,-0.130658634,0.18538235,-0.65234667,0.97931621,0.0524283177,0.0829499108,0.176947291,-0.186919481,0.301941768,-1.06895555,0.30372711,0.949185914,0.807080265,0.0799708162,7.93227784e-05,camera_pose_proxy,relative_only
68,19.667000000,-0.130508902,0.187683883,-0.660855993,0.979082444,0.0549552019,0.0833595378,0.177281364,-0.182877867,0.3016744,-1.06889836,0.320156698,0.930579419,0.796321123,0.108880242,7.62713598e-05,camera_pose_proxy,relative_only
69,19.867000000,-0.130710195,0.190709407,-0.672193875,0.978692515,0.0580563029,0.084187408,0.1780531,-0.178648449,0.301225654,-1.06880567,0.339241581,0.909658814,0.785059041,0.125251082,7.34478791e-05,camera_pose_proxy,relative_only
70,20.017000000,-0.130412501,0.1929656,-0.680793204,0.978561342,0.060553317,0.0838922256,0.178081697,-0.174517785,0.300870429,-1.06896857,0.353378528,0.886204945,0.772627675,0.12740927,7.07201342e-05,camera_pose_proxy,relative_only
71,20.217000000,-0.130422112,0.196048703,-0.69210058,0.978230175,0.0628048706,0.083779718,0.179170958,-0.170155788,0.300589467,-1.0688045,0.362408645,0.860613532,0.764631162,0.122774705,6.82010469e-05,camera_pose_proxy,relative_only
72,20.367000000,-0.129981731,0.198274834,-0.700320893,0.978153094,0.0646288127,0.0827665723,0.179413869,-0.165955771,0.300184978,-1.06807819,0.368966864,0.833894952,0.754478548,0.130941216,6.57567954e-05,camera_pose_proxy,relative_only
73,20.517000000,-0.129492353,0.200494924,-0.708626813,0.97809033,0.0668881417,0.0814305048,0.179539289,-0.161764412,0.299778269,-1.06757074,0.378441821,0.804627493,0.744131323,0.148876646,6.34609777e-05,camera_pose_proxy,relative_only
74,20.717000000,-0.129335697,0.203508151,-0.719585638,0.977895906,0.0694822793,0.0801881623,0.180171221,-0.157485556,0.29937444,-1.06665229,0.387862567,0.772111226,0.734082314,0.165199343,6.13466014e-05,camera_pose_proxy,relative_only
75,20.867000000,-0.128736604,0.205687504,-0.727575952,0.97789524,0.0717940813,0.0780611973,0.180202552,-0.153300087,0.298900245,-1.06547105,0.396036691,0.738278825,0.724013157,0.17427519,5.92787416e-05,camera_pose_proxy,relative_only
76,21.067000000,-0.128481544,0.208703859,-0.738360644,0.977769527,0.0740666865,0.0761377215,0.180786963,-0.149103409,0.298533664,-1.06423657,0.401337674,0.703238467,0.71437996,0.18016227,5.73794635e-05,camera_pose_proxy,relative_only
77,21.217000000,-0.127694425,0.210954354,-0.746269962,0.977818212,0.0761619259,0.0735694,0.180716485,-0.144747985,0.298241929,-1.06294673,0.406805056,0.668252986,0.704174831,0.185906558,5.55131667e-05,camera_pose_proxy,relative_only
78,21.417000000,-0.127296211,0.214008413,-0.756863089,0.977633486,0.0788055756,0.0713545411,0.181468944,-0.140532896,0.297980848,-1.0613821,0.41408491,0.633062647,0.696956573,0.188500024,5.38041633e-05,camera_pose_proxy,relative_only
79,21.567000000,-0.126495167,0.216147086,-0.764469853,0.977630973,0.0812714268,0.0686344941,0.181444048,-0.136391665,0.297464267,-1.05951838,0.421758914,0.598484248,0.688016084,0.193022122,5.21164567e-05,camera_pose_proxy,relative_only
80,21.717000000,-0.125719794,0.218297484,-0.772113446,0.977637085,0.0838238711,0.0659178626,0.181257065,-0.132413685,0.296986237,-1.05778207,0.429957327,0.564626467,0.678141728,0.196277213,5.05239078e-05,camera_pose_proxy,relative_only
81,21.917000000,-0.125179932,0.221270749,-0.782498661,0.977564718,0.0864030702,0.063341185,0.181354971,-0.128304948,0.296590956,-1.05594263,0.435824993,0.529861805,0.666953671,0.204211764,4.90723957e-05,camera_pose_proxy,relative_only
82,22.067000000,-0.124269709,0.223405921,-0.790076333,0.977627819,0.0885805153,0.0603251411,0.180992313,-0.124263132,0.296105659,-1.05416447,0.440522888,0.496082363,0.656310325,0.202379937,4.7626007e-05,camera_pose_proxy,relative_only
83,22.267000000,-0.123608816,0.226257675,-0.800353894,0.977624383,0.0910643157,0.0577179461,0.180628055,-0.120167416,0.295486875,-1.05221976,0.445486345,0.463143819,0.642395406,0.208187764,4.63128435e-05,camera_pose_proxy,relative_only
84,22.417000000,-0.122583538,0.228305251,-0.807729771,0.977727194,0.0931257133,0.0547484409,0.179943723,-0.116104014,0.294849988,-1.05012488,0.449276953,0.431421467,0.629972881,0.202844881,4.49970067e-05,camera_pose_proxy,relative_only
85,22.567000000,-0.121566513,0.23030583,-0.815006304,0.977808736,0.095072303,0.0518230982,0.179347985,-0.112156634,0.294133218,-1.04787944,0.45220241,0.40101905,0.618434351,0.198094891,4.37517373e-05,camera_pose_proxy,relative_only
86,22.767000000,-0.120882846,0.233013857,-0.824855052,0.977978138,0.0964358172,0.0492837262,0.178409667,-0.108386075,0.293284864,-1.04526105,0.449187118,0.372522634,0.601013885,0.206814743,4.26282517e-05,camera_pose_proxy,relative_only
87,22.917000000,-0.119877644,0.234924068,-0.831846395,0.97836385,0.0970285524,0.0466058006,0.176684852,-0.104659099,0.292426368,-1.04256683,0.443239707,0.346207328,0.581341813,0.210861697,4.149111e-05,camera_pose_proxy,relative_only
88,23.117000000,-0.119114787,0.237526544,-0.841418509,0.978638754,0.0972580156,0.0442230751,0.175645629,-0.100958806,0.29142126,-1.03956245,0.432916495,0.321793189,0.563714697,0.204636069,4.04701992e-05,camera_pose_proxy,relative_only
89,23.267000000,-0.11810626,0.239301842,-0.848149276,0.979047331,0.0971489989,0.0417470421,0.174027529,-0.0974083517,0.290343309,-1.03649578,0.422783114,0.299066336,0.545334982,0.203576042,3.94303174e-05,camera_pose_proxy,relative_only
90,23.467000000,-0.117331266,0.241752073,-0.857505351,0.979474567,0.0973106265,0.0396275413,0.172017073,-0.0938989316,0.289103862,-1.03325078,0.413126531,0.277222889,0.521898433,0.223405138,3.85016905e-05,camera_pose_proxy,relative_only
91,23.617000000,-0.11632847,0.243398641,-0.864029735,0.980032067,0.09646104,0.037191238,0.169850605,-0.090528963,0.287832465,-1.02993686,0.398679141,0.256322846,0.500461797,0.226979167,3.7549423e-05,camera_pose_proxy,relative_only
92,23.767000000,-0.115407331,0.244972004,-0.870490658,0.980738564,0.0950957821,0.0347172755,0.167043027,-0.0873899044,0.286449552,-1.02657547,0.381188227,0.235787206,0.475015152,0.258242929,3.66454189e-05,camera_pose_proxy,relative_only
93,23.967000000,-0.114703971,0.247268709,-0.879552236,0.9815003,0.0934148244,0.0323004253,0.163974128,-0.084299891,0.285027099,-1.02304908,0.360305621,0.215162922,0.446015797,0.291198005,3.58452564e-05,camera_pose_proxy,relative_only
94,24.117000000,-0.113743672,0.248697348,-0.885941432,0.982240103,0.0921915937,0.0299014476,0.160658003,-0.0812309852,0.283436478,-1.01971009,0.344789438,0.195611261,0.418475448,0.268308031,3.50147455e-05,camera_pose_proxy,relative_only
95,24.317000000,-0.113038506,0.250740518,-0.894755589,0.983034574,0.0915267233,0.0279358432,0.156478352,-0.078307908,0.281623814,-1.01591407,0.332175639,0.177252919,0.383860074,0.301202083,3.42844408e-05,camera_pose_proxy,relative_only
96,24.467000000,-0.112184988,0.251991623,-0.900893826,0.983838756,0.0903342189,0.0258656384,0.152420471,-0.0755720294,0.279779294,-1.01226718,0.317983731,0.160173605,0.352719651,0.285904609,3.35205377e-05,camera_pose_proxy,relative_only
97,24.617000000,-0.111394416,0.25315713,-0.907093417,0.984581152,0.0892660128,0.0237415095,0.148552597,-0.0730089814,0.277815852,-1.00880921,0.30483415,0.143119009,0.323563809,0.276586598,3.27939224e-05,camera_pose_proxy,relative_only
98,24.817000000,-0.110786434,0.254975236,-0.915904394,0.985284669,0.0888364238,0.0215358349,0.14442444,-0.0704833622,0.27573948,-1.00529774,0.294558045,0.12453238,0.292136412,0.293143347,3.2162016e-05,camera_pose_proxy,relative_only
99,24.967000000,-0.110020057,0.255986371,-0.921974753,0.985971345,0.0880373189,0.0190803988,0.140520017,-0.06807416,0.273582491,-1.00175537,0.283362805,0.105917517,0.264370523,0.278225833,3.14917623e-05,camera_pose_proxy,relative_only
100,25.167000000,-0.109456664,0.257633228,-0.930637735,0.986634758,0.0870138649,0.0164857663,0.136779606,-0.0657580129,0.271307808,-0.998161189,0.269602976,0.0866752662,0.237116644,0.288409757,3.09135071e-05,camera_pose_proxy,relative_only
101,25.317000000,-0.108850569,0.25853216,-0.936708763,0.987267629,0.0859177305,0.0136810171,0.133167573,-0.0637354183,0.269042535,-0.994769706,0.256801139,0.0671600453,0.212549837,0.276113461,3.02946076e-05,camera_pose_proxy,relative_only
102,25.517000000,-0.108472158,0.260141637,-0.945463566,0.987860913,0.0842331575,0.0106343726,0.130086519,-0.0618599046,0.26681709,-0.991517564,0.23931416,0.0470788481,0.190922517,0.282759982,2.97652394e-05,camera_pose_proxy,relative_only
103,25.667000000,-0.10800125,0.261019959,-0.951630799,0.98843186,0.0823072456,0.00749008263,0.127168684,-0.0601568379,0.26460776,-0.988433032,0.221798256,0.0273918641,0.171723894,0.273876988,2.91931822e-05,camera_pose_proxy,relative_only
104,25.817000000,-0.107584406,0.261852117,-0.95782164,0.988952872,0.0801274051,0.00446767345,0.124626866,-0.0585813333,0.262359647,-0.985449016,0.203202876,0.00921732753,0.15513415,0.264031319,2.86479497e-05,camera_pose_proxy,relative_only
105,26.017000000,-0.107389027,0.263333429,-0.966634386,0.98936358,0.0785483487,0.00171119562,0.122421136,-0.057153158,0.260073205,-0.982527195,0.187941972,-0.00730099743,0.140196872,0.23421111,2.81884574e-05,camera_pose_proxy,relative_only
106,26.167000000,-0.107057774,0.26406318,-0.972703234,0.989790738,0.0771047463,-0.00090812626,0.119867961,-0.0557863962,0.257736671,-0.979448436,0.174776064,-0.022908775,0.124091886,0.230011444,2.76832257e-05,camera_pose_proxy,relative_only
107,26.367000000,-0.106938879,0.265454994,-0.981256189,0.99016739,0.075255637,-0.00355365205,0.117866456,-0.0545577029,0.255406882,-0.976222191,0.1587423,-0.0376942275,0.111089657,0.227264752,2.72618565e-05,camera_pose_proxy,relative_only
108,26.517000000,-0.106785001,0.266136614,-0.98726518,0.990538595,0.0731492129,-0.00609115407,0.115954226,-0.0535461779,0.253077741,-0.973161432,0.142346052,-0.0514467753,0.0993552014,0.222271391,2.67932812e-05,camera_pose_proxy,relative_only
109,26.667000000,-0.106710296,0.26683452,-0.993292696,0.990844283,0.0714818969,-0.0085059358,0.11421731,-0.0526881983,0.25081848,-0.970187589,0.128934408,-0.064453579,0.088837673,0.1990695,2.63461151e-05,camera_pose_proxy,relative_only
110,26.867000000,-0.106816763,0.268162714,-1.00194869,0.990987074,0.0719477666,-0.0106961357,0.112488803,-0.0519166525,0.248540574,-0.967352047,0.127803955,-0.0770477098,0.0781118493,0.156708727,2.59798846e-05,camera_pose_proxy,relative_only
111,27.017000000,-0.106847032,0.268773563,-1.00803056,0.991066213,0.0729562146,-0.0127083845,0.110921814,-0.0512669576,0.246218344,-0.964578846,0.130521789,-0.0889527639,0.068822602,0.147863828,2.55642181e-05,camera_pose_proxy,relative_only
112,27.217000000,-0.107046761,0.269956422,-1.01660483,0.991128095,0.0729951397,-0.0148507576,0.110073902,-0.050685285,0.243800816,-0.961734204,0.127069638,-0.10006232,0.063675334,0.125324799,2.52280364e-05,camera_pose_proxy,relative_only
113,27.367000000,-0.107176845,0.270557488,-1.02257629,0.991243842,0.0725720789,-0.0168451617,0.109019169,-0.05022549,0.241547874,-0.958877816,0.12165804,-0.110297081,0.0576772999,0.130076753,2.48413544e-05,camera_pose_proxy,relative_only
114,27.567000000,-0.107481758,0.271729206,-1.0310692,0.991347699,0.0721525514,-0.0188630309,0.108018217,-0.0498429212,0.239217028,-0.956025098,0.115857934,-0.11998302,0.0518770399,0.128104622,2.45328204e-05,camera_pose_proxy,relative_only
115,27.717000000,-0.107672289,0.2722248,-1.03699565,0.991444154,0.0713636754,-0.0207554174,0.107307637,-0.0494987798,0.236870098,-0.953195442,0.108704252,-0.128909087,0.048041014,0.124111896,2.41728287e-05,camera_pose_proxy,relative_only
116,27.867000000,-0.107933973,0.272733982,-1.04290345,0.991536833,0.0703724472,-0.0226019031,0.106731351,-0.0492780857,0.23458487,-0.950382246,0.100588864,-0.137247603,0.0450297176,0.125433019,2.38288839e-05,camera_pose_proxy,relative_only
117,28.067000000,-0.108357991,0.273820336,-1.0513486,0.991620514,0.0696291388,-0.024500013,0.106020223,-0.0491127567,0.232263485,-0.947634001,0.0935443753,-0.145352477,0.0411365945,0.120590944,2.35609676e-05,camera_pose_proxy,relative_only
118,28.217000000,-0.108751671,0.274310504,-1.05741594,0.991675782,0.0690501899,-0.0262268424,0.105467375,-0.0491154712,0.230026014,-0.945178297,0.0880750928,-0.15297502,0.0382949489,0.10566181,2.3240102e-05,camera_pose_proxy,relative_only
119,28.417000000,-0.109295474,0.275403053,-1.06585054,0.991701758,0.0685067385,-0.0279921145,0.105123216,-0.0491498875,0.227812211,-0.942524856,0.0825624624,-0.159989426,0.0365239183,0.0999119254,2.29942163e-05,camera_pose_proxy,relative_only
120,28.567000000,-0.10974169,0.275857024,-1.07174379,0.991687052,0.0675865952,-0.0297011074,0.105388269,-0.0492376357,0.225590724,-0.939870841,0.0755823796,-0.16675675,0.0383289091,0.109325761,2.26946786e-05,camera_pose_proxy,relative_only
121,28.717000000,-0.110285665,0.276367597,-1.07770437,0.991643811,0.0665337036,-0.0313815372,0.105976495,-0.0494826872,0.223496385,-0.937368268,0.0680748378,-0.173064834,0.0418914657,0.115940842,2.24082939e-05,camera_pose_proxy,relative_only
122,28.917000000,-0.110977834,0.277423942,-1.08620486,0.99163862,0.0658458528,-0.0331218222,0.105925044,-0.049750299,0.221358666,-0.93498241,0.0622446192,-0.179326863,0.041697519,0.0973168979,2.21952005e-05,camera_pose_proxy,relative_only
123,29.067000000,-0.111535396,0.277903372,-1.09223052,0.991578172,0.065051012,-0.0346834217,0.106480774,-0.0500089892,0.219282854,-0.932664733,0.0564373807,-0.184947233,0.0449328687,0.0999053739,2.19273355e-05,camera_pose_proxy,relative_only
124,29.267000000,-0.112341818,0.278920428,-1.10064684,0.991567049,0.0630497052,-0.0364660328,0.107190255,-0.0504493535,0.217168052,-0.930239714,0.0439264301,-0.190159614,0.0490371379,0.159079785,2.17319298e-05,camera_pose_proxy,relative_only
125,29.417000000,-0.113084363,0.279303776,-1.10660246,0.991675474,0.0596876408,-0.0383522968,0.107453439,-0.0509938196,0.215005068,-0.927885178,0.024382896,-0.195917879,0.0511063274,0.230719295,2.14812321e-05,camera_pose_proxy,relative_only
126,29.617000000,-0.113979551,0.280345607,-1.11497965,0.991726794,0.0572078763,-0.0403236121,0.10760684,-0.0515564707,0.213015356,-0.925493648,0.00971023947,-0.201812187,0.0522347968,0.180824014,2.13022202e-05,camera_pose_proxy,relative_only
127,29.767000000,-0.114734175,0.280797183,-1.12079201,0.991757043,0.0550643063,-0.0420360419,0.107790825,-0.0521028935,0.211026565,-0.922985144,-0.0026986667,-0.207202954,0.053565626,0.158151971,2.10674438e-05,camera_pose_proxy,relative_only
128,29.917000000,-0.115556838,0.281279549,-1.12673067,0.991799461,0.0532079069,-0.0436891818,0.107675453,-0.0527493178,0.209116268,-0.920714653,-0.0134404823,-0.212448094,0.0532085544,0.141307282,2.08428705e-05,camera_pose_proxy,relative_only
129,30.117000000,-0.11650209,0.282260777,-1.13509468,0.991785376,0.0516291642,-0.0454040685,0.107864119,-0.0533573802,0.20714505,-0.918441411,-0.0224434631,-0.217189382,0.0542315388,0.122697961,2.06887125e-05,camera_pose_proxy,relative_only
130,30.267000000,-0.117341823,0.282732304,-1.141024,0.991775537,0.0501465541,-0.0468936467,0.108016633,-0.0540116176,0.205276476,-0.916225236,-0.0307420844,-0.221568711,0.0551679513,0.114931324,2.04780133e-05,camera_pose_proxy,relative_only
131,30.467000000,-0.118382743,0.283758686,-1.14942151,0.991746838,0.0488349105,-0.0484868522,0.108177566,-0.0547462986,0.203450589,-0.914091352,-0.0379493808,-0.225660483,0.0559165922,0.102795829,2.03371091e-05,camera_pose_proxy,relative_only
132,30.617000000,-0.119274313,0.284248085,-1.15544125,0.991701286,0.0474860356,-0.0498466737,0.108576907,-0.0554615344,0.201665445,-0.912082642,-0.0451639328,-0.229256037,0.0580612825,0.103898673,2.01393105e-05,camera_pose_proxy,relative_only
133,30.767000000,-0.120170406,0.284724825,-1.16143523,0.991668181,0.0462183736,-0.0511337242,0.108827496,-0.0561736828,0.199885852,-0.910062089,-0.0518539907,-0.232502293,0.0593590965,0.0959597895,1.99500648e-05,camera_pose_proxy,relative_only
134,30.967000000,-0.121213918,0.285733733,-1.16984766,0.991616667,0.0451979084,-0.0525234031,0.109063411,-0.0568718918,0.198133612,-0.90806735,-0.0570257908,-0.23548633,0.0603037943,0.0790518859,1.98295769e-05,camera_pose_proxy,relative_only
135,31.117000000,-0.122153472,0.286212421,-1.17592088,0.991566652,0.044194006,-0.0536696246,0.109371095,-0.0576314786,0.196408504,-0.906229228,-0.0620787435,-0.238055214,0.0617661372,0.0773182486,1.96515968e-05,camera_pose_proxy,relative_only
136,31.317000000,-0.123283198,0.28722758,-1.18436099,0.991511807,0.0430504384,-0.0549443352,0.109691006,-0.0584372745,0.194730648,-0.904349168,-0.0676001867,-0.240258433,0.0631060986,0.0804709032,1.95418735e-05,camera_pose_proxy,relative_only
137,31.467000000,-0.124304632,0.287712353,-1.19040771,0.991474629,0.0420644235,-0.0559859173,0.109882761,-0.0593021187,0.193063863,-0.902522933,-0.0723843105,-0.242254527,0.0639001111,0.0713976907,1.93743917e-05,camera_pose_proxy,relative_only
138,31.667000000,-0.125449431,0.288697314,-1.19891293,0.991404709,0.0410127763,-0.0571132675,0.110330093,-0.060100818,0.191400413,-0.900812193,-0.0771237188,-0.243661147,0.0657957411,0.0718302948,1.92746975e-05,camera_pose_proxy,relative_only
139,31.817000000,-0.126413439,0.289181722,-1.20508352,0.991341746,0.0399836706,-0.0580142513,0.110802502,-0.0608528836,0.189780076,-0.899228449,-0.0818217247,-0.244817392,0.0679733824,0.0722076194,1.91170008e-05,camera_pose_proxy,relative_only
140,31.967000000,-0.127426979,0.28969937,-1.21128773,0.991270685,0.0390342802,-0.0588423766,0.1113388,-0.061671603,0.188233235,-0.897718288,-0.0859906776,-0.245624256,0.0704097376,0.06775883,1.89661388e-05,camera_pose_proxy,relative_only
141,32.167000000,-0.128621983,0.290730741,-1.21993693,0.991196597,0.0380154217,-0.059765435,0.111858066,-0.0625055732,0.186728356,-0.896316961,-0.0901849228,-0.245944943,0.07250388,0.0652544983,1.88822599e-05,camera_pose_proxy,relative_only
142,32.317000000,-0.129658007,0.291272472,-1.22618343,0.991119067,0.0371432468,-0.0605343827,0.11242314,-0.0633362944,0.185260915,-0.894912529,-0.0938046073,-0.246477957,0.0749887219,0.0624868289,1.87399489e-05,camera_pose_proxy,relative_only
143,32.517000000,-0.13089599,0.292293766,-1.23495827,0.991027212,0.0360065109,-0.0614910761,0.113081578,-0.064206994,0.18379343,-0.893755136,-0.0984223963,-0.246864284,0.077752127,0.0740724967,1.86642396e-05,camera_pose_proxy,relative_only
144,32.667000000,-0.131963512,0.292867219,-1.24136645,0.990935732,0.0348230008,-0.0622366986,0.113843431,-0.0650631851,0.182414897,-0.892635329,-0.103407557,-0.247059342,0.0812482483,0.083321937,1.85299125e-05,camera_pose_proxy,relative_only
145,32.817000000,-0.133051264,0.293394156,-1.24782382,0.990843384,0.0338913777,-0.0629501709,0.11453401,-0.0659393316,0.180982743,-0.891606031,-0.107076225,-0.2472487,0.0842585796,0.0670373788,1.84014275e-05,camera_pose_proxy,relative_only
146,33.017000000,-0.134265422,0.294404512,-1.25660249,0.990757894,0.0329847666,-0.0637918568,0.115071285,-0.0667279773,0.179573123,-0.890512333,-0.110297996,-0.247198942,0.0861652023,0.0546263366,1.83388751e-05,camera_pose_proxy,relative_only
147,33.167000000,-0.135360483,0.294948507,-1.26303607,0.990680965,0.032210889,-0.0644251229,0.115598823,-0.0675930545,0.178205156,-0.889474709,-0.113098724,-0.24710175,0.0882262559,0.0517375899,1.82173657e-05,camera_pose_proxy,relative_only
148,33.367000000,-0.136607606,0.295953959,-1.27183323,0.990576986,0.0313078335,-0.0652711334,0.116261487,-0.0684037234,0.176836236,-0.888446453,-0.116158678,-0.247063459,0.0906950924,0.0573390865,1.81614776e-05,camera_pose_proxy,relative_only
149,33.517000000,-0.137735814,0.296534331,-1.27841541,0.990474839,0.0305813124,-0.0658953146,0.116970868,-0.0692975049,0.175560256,-0.887664239,-0.118579668,-0.246930755,0.0935919044,0.0552617409,1.804649e-05,camera_pose_proxy,relative_only
150,33.717000000,-0.139040496,0.297579487,-1.28731609,0.990352369,0.0298426505,-0.06665453,0.117765763,-0.0701671761,0.174297815,-0.88682609,-0.120641253,-0.246549174,0.0965649281,0.05360756,1.79968308e-05,camera_pose_proxy,relative_only
151,33.867000000,-0.140138333,0.298155169,-1.29397577,0.990280583,0.0291511991,-0.0672366403,0.118210864,-0.0709913334,0.17304785,-0.886183799,-0.122898397,-0.246265022,0.0980522726,0.0419282747,1.78879402e-05,camera_pose_proxy,relative_only
152,34.017000000,-0.141276909,0.298733782,-1.30062831,0.99020301,0.0286973246,-0.067773774,0.11866414,-0.0718674686,0.171818195,-0.885538709,-0.123932773,-0.245903958,0.0994782698,0.031433341,1.7783844e-05,camera_pose_proxy,relative_only
153,34.217000000,-0.142640524,0.299808959,-1.30967489,0.990171814,0.0283498816,-0.0684469488,0.118621578,-0.0727838302,0.17066504,-0.88496006,-0.12423693,-0.245436317,0.0980554376,0.0280901108,1.77445452e-05,camera_pose_proxy,relative_only
154,34.367000000,-0.143774381,0.300416528,-1.31634769,0.990149735,0.0280060665,-0.068960127,0.118590315,-0.0736297179,0.169510384,-0.884361745,-0.124872476,-0.245082514,0.0970372048,0.0252147911,1.76457614e-05,camera_pose_proxy,relative_only
155,34.567000000,-0.145086845,0.301435942,-1.32544486,0.990114445,0.0277117356,-0.0695573662,0.118605304,-0.0744381199,0.168310914,-0.883880271,-0.124838438,-0.24428308,0.0959087858,0.0263355113,1.76115355e-05,camera_pose_proxy,relative_only
156,34.717000000,-0.146218636,0.30205582,-1.33224573,0.99008832,0.0275704589,-0.0699339776,0.118634849,-0.0752597184,0.167205085,-0.883491508,-0.124378622,-0.243389848,0.0951276238,0.024637214,1.75177225e-05,camera_pose_proxy,relative_only
157,34.867000000,-0.14733987,0.302701654,-1.33912461,0.990098068,0.0276257566,-0.0702391145,0.118360046,-0.0760550014,0.166152622,-0.883226777,-0.123037583,-0.242303165,0.0927784212,0.044636773,1.74280806e-05,camera_pose_proxy,relative_only
158,35.067000000,-0.148675356,0.303748931,-1.34836376,0.990099229,0.0276658483,-0.0706816793,0.118077168,-0.0768582234,0.165051628,-0.882981088,-0.12142593,-0.241019105,0.0901141916,0.0509359082,1.74025485e-05,camera_pose_proxy,relative_only
159,35.217000000,-0.14979353,0.304385022,-1.35527682,0.990144671,0.0277577597,-0.0709661308,0.117502538,-0.0776287175,0.164011376,-0.88277496,-0.12004096,-0.239910078,0.0863374311,0.062224742,1.73172238e-05,camera_pose_proxy,relative_only
160,35.417000000,-0.151137032,0.305495991,-1.36454431,0.990149478,0.0277224503,-0.071464207,0.117168016,-0.0784180314,0.163043135,-0.882580037,-0.11889129,-0.238895019,0.0835555656,0.048275567,1.72958128e-05,camera_pose_proxy,relative_only
161,35.567000000,-0.152219789,0.306185397,-1.37148125,0.990178393,0.027671998,-0.071810806,0.116722825,-0.0791149771,0.162109383,-0.882415355,-0.118214048,-0.238018808,0.0805529704,0.0486541792,1.72145295e-05,camera_pose_proxy,relative_only
162,35.767000000,-0.153531399,0.307279301,-1.38082559,0.990196264,0.0275410188,-0.0723568001,0.116264116,-0.0798310631,0.16114657,-0.882343579,-0.117627468,-0.237222229,0.0772950354,0.0516158832,1.71969753e-05,camera_pose_proxy,relative_only
163,35.917000000,-0.154633621,0.307989114,-1.38792861,0.9902457,0.0276259171,-0.0726767721,0.115621579,-0.0805401093,0.160267533,-0.882435109,-0.116371281,-0.236333349,0.0733530322,0.0635692629,1.7119474e-05,camera_pose_proxy,relative_only
164,36.067000000,-0.155747713,0.308665822,-1.39492951,0.990295013,0.0279646916,-0.0729550197,0.114940543,-0.0812586483,0.159348686,-0.882369814,-0.113897372,-0.235401957,0.0691754912,0.0744163939,1.70454826e-05,camera_pose_proxy,relative_only
165,36.267000000,-0.157058347,0.309819647,-1.40439919,0.990363658,0.0282031658,-0.0733812431,0.114015788,-0.0819382041,0.158522355,-0.882489847,-0.111702183,-0.23432244,0.0636741569,0.0899493981,1.7034858e-05,camera_pose_proxy,relative_only
166,36.417000000,-0.158137289,0.310554428,-1.41152457,0.990428488,0.0284706143,-0.0736278313,0.113224453,-0.0825859338,0.157713544,-0.882613672,-0.109650575,-0.233231651,0.059091597,0.0775203405,1.69641264e-05,camera_pose_proxy,relative_only
167,36.617000000,-0.159453924,0.311715636,-1.42108744,0.990503802,0.028662839,-0.0740160134,0.112259924,-0.0832529372,0.156925192,-0.88287174,-0.107736147,-0.231980712,0.0535624998,0.0899898308,1.69566111e-05,camera_pose_proxy,relative_only
168,36.767000000,-0.160440429,0.312455457,-1.42819645,0.99065782,0.0291423325,-0.0741883211,0.110652159,-0.0837436486,0.156143668,-0.882965935,-0.104980767,-0.230756019,0.0450453691,0.135889857,1.688893e-05,camera_pose_proxy,relative_only
169,36.917000000,-0.161473129,0.313200002,-1.43539466,0.990812396,0.0295329162,-0.0743997546,0.109010452,-0.0842988908,0.155378721,-0.883194972,-0.102716078,-0.229689683,0.0364991669,0.134871184,1.68243543e-05,camera_pose_proxy,relative_only
170,37.117000000,-0.162705039,0.314392749,-1.44485347,0.990937419,0.029665683,-0.0747926355,0.107559471,-0.0848090342,0.15467625,-0.883285049,-0.101371338,-0.228535667,0.0289717181,0.117090145,1.6822686e-05,camera_pose_proxy,relative_only
171,37.267000000,-0.16365471,0.315151439,-1.45202757,0.99121141,0.0301490049,-0.0748843232,0.10480132,-0.085224742,0.153950729,-0.883473445,-0.0990672701,-0.227083426,0.0151520266,0.214016688,1.67607186e-05,camera_pose_proxy,relative_only
172,37.467000000,-0.164804116,0.316353637,-1.46150515,0.991612219,0.0315964382,-0.0751692094,0.100281912,-0.0855941338,0.153285812,-0.883587614,-0.092586404,-0.226461367,-0.00737567937,0.355760626,1.67615364e-05,camera_pose_proxy,relative_only
173,37.617000000,-0.165825269,0.317172579,-1.46873449,0.991957589,0.0332115081,-0.075273871,0.0961820207,-0.0861092732,0.152669029,-0.883856544,-0.0854744326,-0.225828854,-0.0276525221,0.328219719,1.67020086e-05,camera_pose_proxy,relative_only
174,37.817000000,-0.167078372,0.318442041,-1.47839222,0.992187297,0.0338471563,-0.0753736782,0.0934748466,-0.0866223931,0.152127381,-0.88423908,-0.0822972139,-0.22374563,-0.0405280609,0.204943252,1.67051507e-05,camera_pose_proxy,relative_only
175,37.967000000,-0.168100777,0.319374012,-1.48566737,0.992372381,0.0342254138,-0.0754360235,0.0912966834,-0.0871269707,0.15169696,-0.88456995,-0.0804686401,-0.222121905,-0.0507217683,0.161064825,1.66479031e-05,camera_pose_proxy,relative_only
176,38.117000000,-0.169215709,0.320369225,-1.49270674,0.992567857,0.0344984036,-0.0756163625,0.0888879875,-0.0877666547,0.151368094,-0.884537329,-0.079301085,-0.22106786,-0.0618521091,0.173674779,1.65933342e-05,camera_pose_proxy,relative_only
177,38.317000000,-0.170640898,0.321761956,-1.5023782,0.992720393,0.0345504661,-0.0759464595,0.0868597802,-0.0885155235,0.151035279,-0.884929922,-0.0788404515,-0.219816731,-0.0706955175,0.138273854,1.6601182e-05,camera_pose_proxy,relative_only
178,38.467000000,-0.171697085,0.322794193,-1.50936195,0.992873453,0.0348049509,-0.075985918,0.084953295,-0.0890488476,0.150770867,-0.884808065,-0.0775310607,-0.218037741,-0.079202639,0.136434589,1.65485323e-05,camera_pose_proxy,relative_only
179,38.667000000,-0.172956845,0.324272934,-1.51877728,0.993000041,0.0348404048,-0.0762752031,0.0831814742,-0.0895247676,0.150578851,-0.88480571,-0.0770570865,-0.216598167,-0.0865579928,0.11641216,1.65582069e-05,camera_pose_proxy,relative_only
180,38.817000000,-0.17400199,0.325345521,-1.52602342,0.993134729,0.035082732,-0.0764260759,0.0813121621,-0.0900290889,0.150381492,-0.885085669,-0.075855568,-0.215380462,-0.0946815829,0.12943657,1.65073488e-05,camera_pose_proxy,relative_only
181,38.967000000,-0.175062846,0.326486671,-1.5332235,0.993183784,0.0349212011,-0.0766149765,0.0806016551,-0.0905514252,0.150291112,-0.885292035,-0.076166853,-0.214036921,-0.0969969454,0.0427503086,1.64589009e-05,camera_pose_proxy,relative_only
182,39.167000000,-0.176483839,0.328081945,-1.54296862,0.993109491,0.0344452506,-0.076882076,0.0814629347,-0.0912493504,0.150284623,-0.885785161,-0.0771324945,-0.211987196,-0.0912671414,0.096827241,1.64725599e-05,camera_pose_proxy,relative_only
183,39.317000000,-0.177676524,0.329247107,-1.5501545,0.993089286,0.0340115306,-0.0769719853,0.0818058579,-0.0919582909,0.150232052,-0.88596139,-0.0782884975,-0.209951651,-0.088480418,0.0578636332,1.6425594e-05,camera_pose_proxy,relative_only
184,39.517000000,-0.179034116,0.330741087,-1.55961518,0.993152454,0.0337193219,-0.0772481661,0.0808945702,-0.0925368083,0.150071859,-0.886009521,-0.0790340522,-0.208313926,-0.0914469012,0.0548890734,1.64406619e-05,camera_pose_proxy,relative_only
185,39.667000000,-0.180149925,0.331994469,-1.5669178,0.993176196,0.0336976995,-0.0774288844,0.0804380258,-0.0931128946,0.15015661,-0.88636139,-0.0785443229,-0.207025951,-0.0926271791,0.0297877377,1.63950768e-05,camera_pose_proxy,relative_only
186,39.867000000,-0.181612455,0.333631925,-1.57652858,0.993196935,0.0334648445,-0.0776933573,0.0800230942,-0.0938331414,0.150216732,-0.886632296,-0.07880595,-0.205333906,-0.0931755821,0.0298118262,1.64114566e-05,camera_pose_proxy,relative_only
187,40.017000000,-0.182867279,0.334921912,-1.58389423,0.993241039,0.0331999121,-0.0778172271,0.0794637248,-0.094606036,0.150355678,-0.887073011,-0.0794986587,-0.203722321,-0.0947528846,0.0388977807,1.63671569e-05,camera_pose_proxy,relative_only
188,40.167000000,-0.184032247,0.336104007,-1.59110337,0.993276332,0.032940652,-0.0779672721,0.0789819367,-0.0952324562,0.150328066,-0.887269274,-0.080136398,-0.202245712,-0.0959383585,0.0327587558,1.63249899e-05,camera_pose_proxy,relative_only
189,40.367000000,-0.185622701,0.337624398,-1.60069965,0.993280516,0.032190246,-0.0782929917,0.0789164851,-0.096114356,0.150206494,-0.88750347,-0.0827294904,-0.200669725,-0.0945641581,0.0539927782,1.63446072e-05,camera_pose_proxy,relative_only
190,40.517000000,-0.186853698,0.338654288,-1.60779731,0.993220879,0.0312409094,-0.0784544701,0.079882328,-0.0968236226,0.149947928,-0.887524096,-0.0860644899,-0.198831311,-0.0885553793,0.1136715,1.63034679e-05,camera_pose_proxy,relative_only
191,40.717000000,-0.188288879,0.340187582,-1.61722757,0.993180707,0.0302349302,-0.0787074629,0.0805175026,-0.097442547,0.149852223,-0.887500348,-0.0894921508,-0.196768368,-0.0838462244,0.0984723455,1.63240599e-05,camera_pose_proxy,relative_only
192,40.867000000,-0.18938639,0.341367873,-1.62436382,0.993129685,0.0293677854,-0.0790131089,0.081165818,-0.0979316762,0.149827974,-0.887580061,-0.0925402079,-0.195734319,-0.0794779462,0.0868298505,1.62838742e-05,camera_pose_proxy,relative_only
193,41.017000000,-0.190594798,0.342453322,-1.63137419,0.993030465,0.0287535177,-0.0793874923,0.0822274678,-0.0985847681,0.14965885,-0.887466162,-0.0942141091,-0.195097191,-0.0732544931,0.104189798,1.62456409e-05,camera_pose_proxy,relative_only
194,41.217000000,-0.192061043,0.344043873,-1.64053383,0.992857302,0.0284116236,-0.0795621294,0.0842438439,-0.0992230992,0.149655412,-0.887029093,-0.0937849626,-0.192832856,-0.0623950996,0.177799799,1.62689828e-05,camera_pose_proxy,relative_only
195,41.367000000,-0.193140599,0.345222961,-1.64719705,0.992681085,0.0280617646,-0.0796280104,0.0863491787,-0.0996634155,0.149631704,-0.886390276,-0.0936536026,-0.190747505,-0.0514945699,0.178560261,1.62314799e-05,camera_pose_proxy,relative_only
196,41.567000000,-0.19459635,0.346760713,-1.65631173,0.992506927,0.0272651025,-0.0798511626,0.0883764957,-0.100268395,0.149547849,-0.885901703,-0.0954143846,-0.188586249,-0.0407084221,0.178746944,1.62555126e-05,camera_pose_proxy,relative_only
197,41.717000000,-0.195877754,0.347553023,-1.6631063,0.992364292,0.0261436502,-0.0801949667,0.0899910521,-0.101005362,0.148932902,-0.885477618,-0.099248893,-0.187597852,-0.0320545128,0.153693865,1.62186838e-05,camera_pose_proxy,relative_only
198,41.917000000,-0.197784788,0.348794155,-1.67226923,0.992164365,0.0246796353,-0.0809551177,0.0919078692,-0.102280125,0.148405962,-0.885077622,-0.104376929,-0.187777666,-0.0217317158,0.185834189,1.62433538e-05,camera_pose_proxy,relative_only
199,42.067000000,-0.198945525,0.349683342,-1.6786976,0.992026009,0.0246682632,-0.0807641295,0.093557631,-0.10280785,0.147953202,-0.884102188,-0.102582143,-0.184736939,-0.0136072739,0.143540328,1.62071464e-05,camera_pose_proxy,relative_only
